row_id,problem,solution,solution_id,candidate_solution,candidate_verification_reasoning,candidate_verification_result,completion_id,prefix,completion,completion_verification_result,completion_verification_reasoning
106016,"Given that $a$, $b$, and $c$ are the lengths of the sides of right triangle $\triangle ABC$ with $\angle C = 90^{\circ}$, we call a reciprocal function of the form $y=\frac{a+b}{cx}$ a ""Pythagorean reciprocal function"". If point $P(1, \sqrt{2})$ lies on the graph of the ""Pythagorean reciprocal function"" and the area of right triangle $\triangle ABC$ is $4$, then the perimeter of $\triangle ABC$ is ______.","Given that point $P(1, \sqrt{2})$ lies on the graph of the ""Pythagorean reciprocal function"" $y=\frac{a+b}{cx}$, we can substitute $x=1$ and $y=\sqrt{2}$ into the equation, obtaining:

\[
\sqrt{2} = \frac{a+b}{c} \implies a+b = \sqrt{2}c \quad \text{(1)}
\]

Given that the area of right triangle $\triangle ABC$ is $4$, and knowing the formula for the area of a right triangle is $\frac{1}{2}ab$, we have:

\[
\frac{1}{2}ab = 4 \implies ab = 8 \quad \text{(2)}
\]

Since $\triangle ABC$ is a right triangle with $\angle C = 90^{\circ}$, by the Pythagorean theorem, we have:

\[
a^2 + b^2 = c^2 \quad \text{(3)}
\]

Substituting equation (1) into equation (3) and using equation (2), we get:

\[
c^2 = (\sqrt{2}c)^2 - 2ab = 2c^2 - 16 \implies c^2 = 16 \implies c = \pm 4
\]

Since $c$ represents a length, we discard $c = -4$ and keep $c = 4$. Substituting $c = 4$ into equation (1), we find:

\[
a+b = \sqrt{2} \cdot 4 = 4\sqrt{2}
\]

Therefore, the perimeter of $\triangle ABC$, which is $a+b+c$, is:

\[
a+b+c = 4\sqrt{2} + 4
\]

Hence, the perimeter of $\triangle ABC$ is $\boxed{4\sqrt{2} + 4}$.",0,"We are given that $P(1, \sqrt{2})$ lies on the graph of the Pythagorean reciprocal function, so we can write:

$$
\begin{equation*}
    \frac{a+b}{c} = \sqrt{2}\,.
\end{equation*}
$$

We also know that the area of $\triangle ABC$ is $4$, so we can write:

$$
\begin{equation*}
    \frac{1}{2}ab = 4\,.
\end{equation*}
$$

Solving for $a+b$ in the first equation, we get:

$$
\begin{align*}
    a+b & = c\sqrt{2}\\\\
    & = c\cdot \frac{4}{2}\\\\
    & = 2c\,.
\end{align*}
$$

Substituting this into the second equation, we get:

$$
\begin{align*}
    \frac{1}{2}(2c)c & = 4\\\\
    2c^2 & = 8\\\\
    c^2 & = 4\\\\
    c & = \pm 2\,.
\end{align*}
$$

Since $c$ represents a length, we take the positive value, so $c=2$.

Now, we can find $a$ and $b$ by using the Pythagorean theorem:

$$
\begin{align*}
    a^2 + b^2 & = c^2\\\\
    & = 2^2\\\\
    & = 4\,.
\end{align*}
$$

We can try different combinations of $a$ and $b$ that satisfy this equation. Let's try $a=1$ and $b=\sqrt{3}$:

$$
\begin{align*}
    1^2 + (\sqrt{3})^2 & = 1 + 3\\\\
    & = 4\,.
\end{align*}
$$

This combination works, so $a=1$ and $b=\sqrt{3}$.

Finally, we can calculate the perimeter of $\triangle ABC$:

$$
\begin{align*}
    \text{Perimeter} & = a+b+c\\\\
    & = 1 + \sqrt{3} + 2\\\\
    & = \boxed{3 + \sqrt{3}}\,.
\end{align*}
$$","The final answer of the ground truth solution is $4\sqrt{2} + 4$.

The candidate solution provides a final answer of $3 + \sqrt{3}$.

The candidate solution is incorrect. The error occurs when solving for $c$. In the candidate solution, the equation $2c^2 = 8$ is incorrectly simplified to $c^2 = 4$, leading to $c = \pm 2$. However, the correct simplification should be $c^2 = 16$, resulting in $c = \pm 4$. Taking the positive value, $c = 4$, is the correct length for the side of the triangle. This incorrect value for $c$ then leads to incorrect values for $a$ and $b$ as well, and subsequently, an incorrect perimeter.",False,0,<DummyPrefix>,<DummyCompletion>,False,<DummyVerificationReasoning>
106016,"Given that $a$, $b$, and $c$ are the lengths of the sides of right triangle $\triangle ABC$ with $\angle C = 90^{\circ}$, we call a reciprocal function of the form $y=\frac{a+b}{cx}$ a ""Pythagorean reciprocal function"". If point $P(1, \sqrt{2})$ lies on the graph of the ""Pythagorean reciprocal function"" and the area of right triangle $\triangle ABC$ is $4$, then the perimeter of $\triangle ABC$ is ______.","Given that point $P(1, \sqrt{2})$ lies on the graph of the ""Pythagorean reciprocal function"" $y=\frac{a+b}{cx}$, we can substitute $x=1$ and $y=\sqrt{2}$ into the equation, obtaining:

\[
\sqrt{2} = \frac{a+b}{c} \implies a+b = \sqrt{2}c \quad \text{(1)}
\]

Given that the area of right triangle $\triangle ABC$ is $4$, and knowing the formula for the area of a right triangle is $\frac{1}{2}ab$, we have:

\[
\frac{1}{2}ab = 4 \implies ab = 8 \quad \text{(2)}
\]

Since $\triangle ABC$ is a right triangle with $\angle C = 90^{\circ}$, by the Pythagorean theorem, we have:

\[
a^2 + b^2 = c^2 \quad \text{(3)}
\]

Substituting equation (1) into equation (3) and using equation (2), we get:

\[
c^2 = (\sqrt{2}c)^2 - 2ab = 2c^2 - 16 \implies c^2 = 16 \implies c = \pm 4
\]

Since $c$ represents a length, we discard $c = -4$ and keep $c = 4$. Substituting $c = 4$ into equation (1), we find:

\[
a+b = \sqrt{2} \cdot 4 = 4\sqrt{2}
\]

Therefore, the perimeter of $\triangle ABC$, which is $a+b+c$, is:

\[
a+b+c = 4\sqrt{2} + 4
\]

Hence, the perimeter of $\triangle ABC$ is $\boxed{4\sqrt{2} + 4}$.",0,"We are given that $P(1, \sqrt{2})$ lies on the graph of the Pythagorean reciprocal function, so we can write:

$$
\begin{equation*}
    \frac{a+b}{c} = \sqrt{2}\,.
\end{equation*}
$$

We also know that the area of $\triangle ABC$ is $4$, so we can write:

$$
\begin{equation*}
    \frac{1}{2}ab = 4\,.
\end{equation*}
$$

Solving for $a+b$ in the first equation, we get:

$$
\begin{align*}
    a+b & = c\sqrt{2}\\\\
    & = c\cdot \frac{4}{2}\\\\
    & = 2c\,.
\end{align*}
$$

Substituting this into the second equation, we get:

$$
\begin{align*}
    \frac{1}{2}(2c)c & = 4\\\\
    2c^2 & = 8\\\\
    c^2 & = 4\\\\
    c & = \pm 2\,.
\end{align*}
$$

Since $c$ represents a length, we take the positive value, so $c=2$.

Now, we can find $a$ and $b$ by using the Pythagorean theorem:

$$
\begin{align*}
    a^2 + b^2 & = c^2\\\\
    & = 2^2\\\\
    & = 4\,.
\end{align*}
$$

We can try different combinations of $a$ and $b$ that satisfy this equation. Let's try $a=1$ and $b=\sqrt{3}$:

$$
\begin{align*}
    1^2 + (\sqrt{3})^2 & = 1 + 3\\\\
    & = 4\,.
\end{align*}
$$

This combination works, so $a=1$ and $b=\sqrt{3}$.

Finally, we can calculate the perimeter of $\triangle ABC$:

$$
\begin{align*}
    \text{Perimeter} & = a+b+c\\\\
    & = 1 + \sqrt{3} + 2\\\\
    & = \boxed{3 + \sqrt{3}}\,.
\end{align*}
$$","The final answer of the ground truth solution is $4\sqrt{2} + 4$.

The candidate solution provides a final answer of $3 + \sqrt{3}$.

The candidate solution is incorrect. The error occurs when solving for $c$. In the candidate solution, the equation $2c^2 = 8$ is incorrectly simplified to $c^2 = 4$, leading to $c = \pm 2$. However, the correct simplification should be $c^2 = 16$, resulting in $c = \pm 4$. Taking the positive value, $c = 4$, is the correct length for the side of the triangle. This incorrect value for $c$ then leads to incorrect values for $a$ and $b$ as well, and subsequently, an incorrect perimeter.",False,1,<DummyPrefix>,<DummyCompletion>,False,<DummyVerificationReasoning>
106016,"Given that $a$, $b$, and $c$ are the lengths of the sides of right triangle $\triangle ABC$ with $\angle C = 90^{\circ}$, we call a reciprocal function of the form $y=\frac{a+b}{cx}$ a ""Pythagorean reciprocal function"". If point $P(1, \sqrt{2})$ lies on the graph of the ""Pythagorean reciprocal function"" and the area of right triangle $\triangle ABC$ is $4$, then the perimeter of $\triangle ABC$ is ______.","Given that point $P(1, \sqrt{2})$ lies on the graph of the ""Pythagorean reciprocal function"" $y=\frac{a+b}{cx}$, we can substitute $x=1$ and $y=\sqrt{2}$ into the equation, obtaining:

\[
\sqrt{2} = \frac{a+b}{c} \implies a+b = \sqrt{2}c \quad \text{(1)}
\]

Given that the area of right triangle $\triangle ABC$ is $4$, and knowing the formula for the area of a right triangle is $\frac{1}{2}ab$, we have:

\[
\frac{1}{2}ab = 4 \implies ab = 8 \quad \text{(2)}
\]

Since $\triangle ABC$ is a right triangle with $\angle C = 90^{\circ}$, by the Pythagorean theorem, we have:

\[
a^2 + b^2 = c^2 \quad \text{(3)}
\]

Substituting equation (1) into equation (3) and using equation (2), we get:

\[
c^2 = (\sqrt{2}c)^2 - 2ab = 2c^2 - 16 \implies c^2 = 16 \implies c = \pm 4
\]

Since $c$ represents a length, we discard $c = -4$ and keep $c = 4$. Substituting $c = 4$ into equation (1), we find:

\[
a+b = \sqrt{2} \cdot 4 = 4\sqrt{2}
\]

Therefore, the perimeter of $\triangle ABC$, which is $a+b+c$, is:

\[
a+b+c = 4\sqrt{2} + 4
\]

Hence, the perimeter of $\triangle ABC$ is $\boxed{4\sqrt{2} + 4}$.",1,"We are given that $a$, $b$, and $c$ are the sides of a right triangle, and we have a Pythagorean reciprocal function of the form:

$$
\begin{equation*}
    y = \frac{a+b}{cx} \, .
\end{equation*}
$$

We know that point $P(1, \sqrt{2})$ lies on the graph of this function, so we can substitute these values into the equation:

$$
\begin{align*}
    \sqrt{2} & = \frac{a+b}{c} \cdot 1 \\
    \sqrt{2} & = \frac{a+b}{c} \, .
\end{align*}
$$

We are also given that the area of the triangle is $4$. For a right triangle, the area is equal to half the product of the two sides that form the right angle, so we can set up the following equation:

$$
\begin{align*}
    \text{Area} & = \frac{1}{2} \cdot a \cdot b \\
    4 & = \frac{1}{2} \cdot a \cdot b \\
    8 & = a \cdot b \, .
\end{align*}
$$

Now, we can use the fact that the sum of the squares of the sides of a right triangle equals the square of the hypotenuse (Pythagorean theorem):

$$
\begin{align*}
    a^2 + b^2 & = c^2 \\
    a^2 + (8/a)^2 & = c^2 \, .
\end{align*}
$$

Multiplying through by $a^2$, we get:

$$
\begin{align*}
    a^4 + 64 & = a^2c^2 \\
    a^4 - a^2c^2 & = -64 \, .
\end{align*}
$$

This is a quadratic equation in $a^2$, so we can solve it using the quadratic formula:

$$
\begin{align*}
    a^2 & = \frac{-(-64) \pm \sqrt{(-64)^2 - 4 \cdot 1 \cdot (-64)}}{2} \\
    & = \frac{64 \pm 32\sqrt{2}}{2} \\
    & = 32 \pm 16\sqrt{2} \, .
\end{align*}
$$

Since $a$ and $b$ are positive, we take the positive square root:

$$
\begin{equation*}
    a^2 = 32 + 16\sqrt{2} \, .
\end{equation*}
$$

Taking the square root of both sides gives us two possible values for $a$:

$$
\begin{align*}
    a & = \pm \sqrt{32 + 16\sqrt{2}} \\
    & = \pm (4\sqrt{2} + 2\sqrt{10}) \, .
\end{align*}
$$

Now, we can find $b$ by substituting these values of $a$ into the equation $a \cdot b = 8$:

$$
\begin{align*}
    (4\sqrt{2} + 2\sqrt{10}) \cdot b & = 8 \\
    b & = \frac{8}{4\sqrt{2} + 2\sqrt{10}} \\
    & = \frac{4}{2\sqrt{2} + \sqrt{10}} \\
    & = \frac{4(2\sqrt{2} - \sqrt{10})}{(2\sqrt{2} + \sqrt{10})(2\sqrt{2} - \sqrt{10})} \\
    & = \frac{8\sqrt{2} - 4\sqrt{10}}{2(2^2 - 10)} \\
    & = \frac{8\sqrt{2} - 4\sqrt{10}}{4} \\
    & = 2\sqrt{2} - \sqrt{10} \, .
\end{align*}
$$

Now that we have the values of $a$ and $b$, we can find $c$ using the equation $\sqrt{2} = \frac{a+b}{c}$:

$$
\begin{align*}
    \sqrt{2} & = \frac{(4\sqrt{2} + 2\sqrt{10}) + (2\sqrt{2} - \sqrt{10})}{c} \\
    c & = \frac{6\sqrt{2}}{\sqrt{2}} \\
    & = \boxed{6} \, .
\end{align*}
$$

So, the perimeter of the triangle is $a + b + c = (4\sqrt{2} + 2\sqrt{10}) + (2\sqrt{2} - \sqrt{10}) + 6 = \boxed{10 + 2\sqrt{10}}$.","The final answer provided by the ground truth solution is $4\sqrt{2} + 4$.

The candidate solution provides a final answer of $10 + 2\sqrt{10}$.

The candidate solution is incorrect. The error occurs when solving for $a^2$ using the quadratic formula. The correct application of the quadratic formula should be:

$$
\begin{align*}
    a^2 & = \frac{-b \pm \sqrt{b^2 - 4ac}}{2a} \\
    & = \frac{-(-64) \pm \sqrt{(-64)^2 - 4 \cdot 1 \cdot 64}}{2} \\
    & = \frac{64 \pm 32\sqrt{2}}{2} \\
    & = 32 \pm 16\sqrt{2} \, .
\end{align*}
$$

However, in the candidate solution, the expression inside the square root is incorrectly calculated as $(-64)^2 - 4 \cdot 1 \cdot (-64)$, which leads to an incorrect value for $a^2$. This mistake propagates through the subsequent steps, resulting in incorrect values for $a$, $b$, and ultimately $c$.",False,0,<DummyPrefix>,<DummyCompletion>,True,<DummyVerificationReasoning>
106016,"Given that $a$, $b$, and $c$ are the lengths of the sides of right triangle $\triangle ABC$ with $\angle C = 90^{\circ}$, we call a reciprocal function of the form $y=\frac{a+b}{cx}$ a ""Pythagorean reciprocal function"". If point $P(1, \sqrt{2})$ lies on the graph of the ""Pythagorean reciprocal function"" and the area of right triangle $\triangle ABC$ is $4$, then the perimeter of $\triangle ABC$ is ______.","Given that point $P(1, \sqrt{2})$ lies on the graph of the ""Pythagorean reciprocal function"" $y=\frac{a+b}{cx}$, we can substitute $x=1$ and $y=\sqrt{2}$ into the equation, obtaining:

\[
\sqrt{2} = \frac{a+b}{c} \implies a+b = \sqrt{2}c \quad \text{(1)}
\]

Given that the area of right triangle $\triangle ABC$ is $4$, and knowing the formula for the area of a right triangle is $\frac{1}{2}ab$, we have:

\[
\frac{1}{2}ab = 4 \implies ab = 8 \quad \text{(2)}
\]

Since $\triangle ABC$ is a right triangle with $\angle C = 90^{\circ}$, by the Pythagorean theorem, we have:

\[
a^2 + b^2 = c^2 \quad \text{(3)}
\]

Substituting equation (1) into equation (3) and using equation (2), we get:

\[
c^2 = (\sqrt{2}c)^2 - 2ab = 2c^2 - 16 \implies c^2 = 16 \implies c = \pm 4
\]

Since $c$ represents a length, we discard $c = -4$ and keep $c = 4$. Substituting $c = 4$ into equation (1), we find:

\[
a+b = \sqrt{2} \cdot 4 = 4\sqrt{2}
\]

Therefore, the perimeter of $\triangle ABC$, which is $a+b+c$, is:

\[
a+b+c = 4\sqrt{2} + 4
\]

Hence, the perimeter of $\triangle ABC$ is $\boxed{4\sqrt{2} + 4}$.",1,"We are given that $a$, $b$, and $c$ are the sides of a right triangle, and we have a Pythagorean reciprocal function of the form:

$$
\begin{equation*}
    y = \frac{a+b}{cx} \, .
\end{equation*}
$$

We know that point $P(1, \sqrt{2})$ lies on the graph of this function, so we can substitute these values into the equation:

$$
\begin{align*}
    \sqrt{2} & = \frac{a+b}{c} \cdot 1 \\
    \sqrt{2} & = \frac{a+b}{c} \, .
\end{align*}
$$

We are also given that the area of the triangle is $4$. For a right triangle, the area is equal to half the product of the two sides that form the right angle, so we can set up the following equation:

$$
\begin{align*}
    \text{Area} & = \frac{1}{2} \cdot a \cdot b \\
    4 & = \frac{1}{2} \cdot a \cdot b \\
    8 & = a \cdot b \, .
\end{align*}
$$

Now, we can use the fact that the sum of the squares of the sides of a right triangle equals the square of the hypotenuse (Pythagorean theorem):

$$
\begin{align*}
    a^2 + b^2 & = c^2 \\
    a^2 + (8/a)^2 & = c^2 \, .
\end{align*}
$$

Multiplying through by $a^2$, we get:

$$
\begin{align*}
    a^4 + 64 & = a^2c^2 \\
    a^4 - a^2c^2 & = -64 \, .
\end{align*}
$$

This is a quadratic equation in $a^2$, so we can solve it using the quadratic formula:

$$
\begin{align*}
    a^2 & = \frac{-(-64) \pm \sqrt{(-64)^2 - 4 \cdot 1 \cdot (-64)}}{2} \\
    & = \frac{64 \pm 32\sqrt{2}}{2} \\
    & = 32 \pm 16\sqrt{2} \, .
\end{align*}
$$

Since $a$ and $b$ are positive, we take the positive square root:

$$
\begin{equation*}
    a^2 = 32 + 16\sqrt{2} \, .
\end{equation*}
$$

Taking the square root of both sides gives us two possible values for $a$:

$$
\begin{align*}
    a & = \pm \sqrt{32 + 16\sqrt{2}} \\
    & = \pm (4\sqrt{2} + 2\sqrt{10}) \, .
\end{align*}
$$

Now, we can find $b$ by substituting these values of $a$ into the equation $a \cdot b = 8$:

$$
\begin{align*}
    (4\sqrt{2} + 2\sqrt{10}) \cdot b & = 8 \\
    b & = \frac{8}{4\sqrt{2} + 2\sqrt{10}} \\
    & = \frac{4}{2\sqrt{2} + \sqrt{10}} \\
    & = \frac{4(2\sqrt{2} - \sqrt{10})}{(2\sqrt{2} + \sqrt{10})(2\sqrt{2} - \sqrt{10})} \\
    & = \frac{8\sqrt{2} - 4\sqrt{10}}{2(2^2 - 10)} \\
    & = \frac{8\sqrt{2} - 4\sqrt{10}}{4} \\
    & = 2\sqrt{2} - \sqrt{10} \, .
\end{align*}
$$

Now that we have the values of $a$ and $b$, we can find $c$ using the equation $\sqrt{2} = \frac{a+b}{c}$:

$$
\begin{align*}
    \sqrt{2} & = \frac{(4\sqrt{2} + 2\sqrt{10}) + (2\sqrt{2} - \sqrt{10})}{c} \\
    c & = \frac{6\sqrt{2}}{\sqrt{2}} \\
    & = \boxed{6} \, .
\end{align*}
$$

So, the perimeter of the triangle is $a + b + c = (4\sqrt{2} + 2\sqrt{10}) + (2\sqrt{2} - \sqrt{10}) + 6 = \boxed{10 + 2\sqrt{10}}$.","The final answer provided by the ground truth solution is $4\sqrt{2} + 4$.

The candidate solution provides a final answer of $10 + 2\sqrt{10}$.

The candidate solution is incorrect. The error occurs when solving for $a^2$ using the quadratic formula. The correct application of the quadratic formula should be:

$$
\begin{align*}
    a^2 & = \frac{-b \pm \sqrt{b^2 - 4ac}}{2a} \\
    & = \frac{-(-64) \pm \sqrt{(-64)^2 - 4 \cdot 1 \cdot 64}}{2} \\
    & = \frac{64 \pm 32\sqrt{2}}{2} \\
    & = 32 \pm 16\sqrt{2} \, .
\end{align*}
$$

However, in the candidate solution, the expression inside the square root is incorrectly calculated as $(-64)^2 - 4 \cdot 1 \cdot (-64)$, which leads to an incorrect value for $a^2$. This mistake propagates through the subsequent steps, resulting in incorrect values for $a$, $b$, and ultimately $c$.",False,1,<DummyPrefix>,<DummyCompletion>,False,<DummyVerificationReasoning>
106016,"Given that $a$, $b$, and $c$ are the lengths of the sides of right triangle $\triangle ABC$ with $\angle C = 90^{\circ}$, we call a reciprocal function of the form $y=\frac{a+b}{cx}$ a ""Pythagorean reciprocal function"". If point $P(1, \sqrt{2})$ lies on the graph of the ""Pythagorean reciprocal function"" and the area of right triangle $\triangle ABC$ is $4$, then the perimeter of $\triangle ABC$ is ______.","Given that point $P(1, \sqrt{2})$ lies on the graph of the ""Pythagorean reciprocal function"" $y=\frac{a+b}{cx}$, we can substitute $x=1$ and $y=\sqrt{2}$ into the equation, obtaining:

\[
\sqrt{2} = \frac{a+b}{c} \implies a+b = \sqrt{2}c \quad \text{(1)}
\]

Given that the area of right triangle $\triangle ABC$ is $4$, and knowing the formula for the area of a right triangle is $\frac{1}{2}ab$, we have:

\[
\frac{1}{2}ab = 4 \implies ab = 8 \quad \text{(2)}
\]

Since $\triangle ABC$ is a right triangle with $\angle C = 90^{\circ}$, by the Pythagorean theorem, we have:

\[
a^2 + b^2 = c^2 \quad \text{(3)}
\]

Substituting equation (1) into equation (3) and using equation (2), we get:

\[
c^2 = (\sqrt{2}c)^2 - 2ab = 2c^2 - 16 \implies c^2 = 16 \implies c = \pm 4
\]

Since $c$ represents a length, we discard $c = -4$ and keep $c = 4$. Substituting $c = 4$ into equation (1), we find:

\[
a+b = \sqrt{2} \cdot 4 = 4\sqrt{2}
\]

Therefore, the perimeter of $\triangle ABC$, which is $a+b+c$, is:

\[
a+b+c = 4\sqrt{2} + 4
\]

Hence, the perimeter of $\triangle ABC$ is $\boxed{4\sqrt{2} + 4}$.",2,<DummySolution>,<DummyVerificationReasoning>,False,0,<DummyPrefix>,<DummyCompletion>,False,<DummyVerificationReasoning>
106016,"Given that $a$, $b$, and $c$ are the lengths of the sides of right triangle $\triangle ABC$ with $\angle C = 90^{\circ}$, we call a reciprocal function of the form $y=\frac{a+b}{cx}$ a ""Pythagorean reciprocal function"". If point $P(1, \sqrt{2})$ lies on the graph of the ""Pythagorean reciprocal function"" and the area of right triangle $\triangle ABC$ is $4$, then the perimeter of $\triangle ABC$ is ______.","Given that point $P(1, \sqrt{2})$ lies on the graph of the ""Pythagorean reciprocal function"" $y=\frac{a+b}{cx}$, we can substitute $x=1$ and $y=\sqrt{2}$ into the equation, obtaining:

\[
\sqrt{2} = \frac{a+b}{c} \implies a+b = \sqrt{2}c \quad \text{(1)}
\]

Given that the area of right triangle $\triangle ABC$ is $4$, and knowing the formula for the area of a right triangle is $\frac{1}{2}ab$, we have:

\[
\frac{1}{2}ab = 4 \implies ab = 8 \quad \text{(2)}
\]

Since $\triangle ABC$ is a right triangle with $\angle C = 90^{\circ}$, by the Pythagorean theorem, we have:

\[
a^2 + b^2 = c^2 \quad \text{(3)}
\]

Substituting equation (1) into equation (3) and using equation (2), we get:

\[
c^2 = (\sqrt{2}c)^2 - 2ab = 2c^2 - 16 \implies c^2 = 16 \implies c = \pm 4
\]

Since $c$ represents a length, we discard $c = -4$ and keep $c = 4$. Substituting $c = 4$ into equation (1), we find:

\[
a+b = \sqrt{2} \cdot 4 = 4\sqrt{2}
\]

Therefore, the perimeter of $\triangle ABC$, which is $a+b+c$, is:

\[
a+b+c = 4\sqrt{2} + 4
\]

Hence, the perimeter of $\triangle ABC$ is $\boxed{4\sqrt{2} + 4}$.",2,<DummySolution>,<DummyVerificationReasoning>,False,1,<DummyPrefix>,<DummyCompletion>,False,<DummyVerificationReasoning>
106016,"Given that $a$, $b$, and $c$ are the lengths of the sides of right triangle $\triangle ABC$ with $\angle C = 90^{\circ}$, we call a reciprocal function of the form $y=\frac{a+b}{cx}$ a ""Pythagorean reciprocal function"". If point $P(1, \sqrt{2})$ lies on the graph of the ""Pythagorean reciprocal function"" and the area of right triangle $\triangle ABC$ is $4$, then the perimeter of $\triangle ABC$ is ______.","Given that point $P(1, \sqrt{2})$ lies on the graph of the ""Pythagorean reciprocal function"" $y=\frac{a+b}{cx}$, we can substitute $x=1$ and $y=\sqrt{2}$ into the equation, obtaining:

\[
\sqrt{2} = \frac{a+b}{c} \implies a+b = \sqrt{2}c \quad \text{(1)}
\]

Given that the area of right triangle $\triangle ABC$ is $4$, and knowing the formula for the area of a right triangle is $\frac{1}{2}ab$, we have:

\[
\frac{1}{2}ab = 4 \implies ab = 8 \quad \text{(2)}
\]

Since $\triangle ABC$ is a right triangle with $\angle C = 90^{\circ}$, by the Pythagorean theorem, we have:

\[
a^2 + b^2 = c^2 \quad \text{(3)}
\]

Substituting equation (1) into equation (3) and using equation (2), we get:

\[
c^2 = (\sqrt{2}c)^2 - 2ab = 2c^2 - 16 \implies c^2 = 16 \implies c = \pm 4
\]

Since $c$ represents a length, we discard $c = -4$ and keep $c = 4$. Substituting $c = 4$ into equation (1), we find:

\[
a+b = \sqrt{2} \cdot 4 = 4\sqrt{2}
\]

Therefore, the perimeter of $\triangle ABC$, which is $a+b+c$, is:

\[
a+b+c = 4\sqrt{2} + 4
\]

Hence, the perimeter of $\triangle ABC$ is $\boxed{4\sqrt{2} + 4}$.",3,<DummySolution>,<DummyVerificationReasoning>,False,0,<DummyPrefix>,<DummyCompletion>,True,<DummyVerificationReasoning>
106016,"Given that $a$, $b$, and $c$ are the lengths of the sides of right triangle $\triangle ABC$ with $\angle C = 90^{\circ}$, we call a reciprocal function of the form $y=\frac{a+b}{cx}$ a ""Pythagorean reciprocal function"". If point $P(1, \sqrt{2})$ lies on the graph of the ""Pythagorean reciprocal function"" and the area of right triangle $\triangle ABC$ is $4$, then the perimeter of $\triangle ABC$ is ______.","Given that point $P(1, \sqrt{2})$ lies on the graph of the ""Pythagorean reciprocal function"" $y=\frac{a+b}{cx}$, we can substitute $x=1$ and $y=\sqrt{2}$ into the equation, obtaining:

\[
\sqrt{2} = \frac{a+b}{c} \implies a+b = \sqrt{2}c \quad \text{(1)}
\]

Given that the area of right triangle $\triangle ABC$ is $4$, and knowing the formula for the area of a right triangle is $\frac{1}{2}ab$, we have:

\[
\frac{1}{2}ab = 4 \implies ab = 8 \quad \text{(2)}
\]

Since $\triangle ABC$ is a right triangle with $\angle C = 90^{\circ}$, by the Pythagorean theorem, we have:

\[
a^2 + b^2 = c^2 \quad \text{(3)}
\]

Substituting equation (1) into equation (3) and using equation (2), we get:

\[
c^2 = (\sqrt{2}c)^2 - 2ab = 2c^2 - 16 \implies c^2 = 16 \implies c = \pm 4
\]

Since $c$ represents a length, we discard $c = -4$ and keep $c = 4$. Substituting $c = 4$ into equation (1), we find:

\[
a+b = \sqrt{2} \cdot 4 = 4\sqrt{2}
\]

Therefore, the perimeter of $\triangle ABC$, which is $a+b+c$, is:

\[
a+b+c = 4\sqrt{2} + 4
\]

Hence, the perimeter of $\triangle ABC$ is $\boxed{4\sqrt{2} + 4}$.",3,<DummySolution>,<DummyVerificationReasoning>,False,1,<DummyPrefix>,<DummyCompletion>,True,<DummyVerificationReasoning>
106016,"Given that $a$, $b$, and $c$ are the lengths of the sides of right triangle $\triangle ABC$ with $\angle C = 90^{\circ}$, we call a reciprocal function of the form $y=\frac{a+b}{cx}$ a ""Pythagorean reciprocal function"". If point $P(1, \sqrt{2})$ lies on the graph of the ""Pythagorean reciprocal function"" and the area of right triangle $\triangle ABC$ is $4$, then the perimeter of $\triangle ABC$ is ______.","Given that point $P(1, \sqrt{2})$ lies on the graph of the ""Pythagorean reciprocal function"" $y=\frac{a+b}{cx}$, we can substitute $x=1$ and $y=\sqrt{2}$ into the equation, obtaining:

\[
\sqrt{2} = \frac{a+b}{c} \implies a+b = \sqrt{2}c \quad \text{(1)}
\]

Given that the area of right triangle $\triangle ABC$ is $4$, and knowing the formula for the area of a right triangle is $\frac{1}{2}ab$, we have:

\[
\frac{1}{2}ab = 4 \implies ab = 8 \quad \text{(2)}
\]

Since $\triangle ABC$ is a right triangle with $\angle C = 90^{\circ}$, by the Pythagorean theorem, we have:

\[
a^2 + b^2 = c^2 \quad \text{(3)}
\]

Substituting equation (1) into equation (3) and using equation (2), we get:

\[
c^2 = (\sqrt{2}c)^2 - 2ab = 2c^2 - 16 \implies c^2 = 16 \implies c = \pm 4
\]

Since $c$ represents a length, we discard $c = -4$ and keep $c = 4$. Substituting $c = 4$ into equation (1), we find:

\[
a+b = \sqrt{2} \cdot 4 = 4\sqrt{2}
\]

Therefore, the perimeter of $\triangle ABC$, which is $a+b+c$, is:

\[
a+b+c = 4\sqrt{2} + 4
\]

Hence, the perimeter of $\triangle ABC$ is $\boxed{4\sqrt{2} + 4}$.",4,<DummySolution>,<DummyVerificationReasoning>,False,0,<DummyPrefix>,<DummyCompletion>,True,<DummyVerificationReasoning>
106016,"Given that $a$, $b$, and $c$ are the lengths of the sides of right triangle $\triangle ABC$ with $\angle C = 90^{\circ}$, we call a reciprocal function of the form $y=\frac{a+b}{cx}$ a ""Pythagorean reciprocal function"". If point $P(1, \sqrt{2})$ lies on the graph of the ""Pythagorean reciprocal function"" and the area of right triangle $\triangle ABC$ is $4$, then the perimeter of $\triangle ABC$ is ______.","Given that point $P(1, \sqrt{2})$ lies on the graph of the ""Pythagorean reciprocal function"" $y=\frac{a+b}{cx}$, we can substitute $x=1$ and $y=\sqrt{2}$ into the equation, obtaining:

\[
\sqrt{2} = \frac{a+b}{c} \implies a+b = \sqrt{2}c \quad \text{(1)}
\]

Given that the area of right triangle $\triangle ABC$ is $4$, and knowing the formula for the area of a right triangle is $\frac{1}{2}ab$, we have:

\[
\frac{1}{2}ab = 4 \implies ab = 8 \quad \text{(2)}
\]

Since $\triangle ABC$ is a right triangle with $\angle C = 90^{\circ}$, by the Pythagorean theorem, we have:

\[
a^2 + b^2 = c^2 \quad \text{(3)}
\]

Substituting equation (1) into equation (3) and using equation (2), we get:

\[
c^2 = (\sqrt{2}c)^2 - 2ab = 2c^2 - 16 \implies c^2 = 16 \implies c = \pm 4
\]

Since $c$ represents a length, we discard $c = -4$ and keep $c = 4$. Substituting $c = 4$ into equation (1), we find:

\[
a+b = \sqrt{2} \cdot 4 = 4\sqrt{2}
\]

Therefore, the perimeter of $\triangle ABC$, which is $a+b+c$, is:

\[
a+b+c = 4\sqrt{2} + 4
\]

Hence, the perimeter of $\triangle ABC$ is $\boxed{4\sqrt{2} + 4}$.",4,<DummySolution>,<DummyVerificationReasoning>,False,1,<DummyPrefix>,<DummyCompletion>,False,<DummyVerificationReasoning>
115435,"Among the following functions $f(x)$, the one that satisfies ""for any $x\_1$, $x\_2 \in (-\infty, 0)$, when $x\_1 < x\_2$, there is always $f(x\_1) < f(x\_2)$"" is $(\ $ $\ \)$
A: $f(x) = 4 - 2x$
B: $f(x) = \frac{1}{x - 2}$
C: $f(x) = x^2 - 2x - 2$
D: $f(x) = -|x|$","From ""for any $x\_1$, $x\_2 \in (-\infty, 0)$, when $x\_1 < x\_2$, there is always $f(x\_1) < f(x\_2)$"",
we can deduce that the function $f(x)$ is increasing on $(-\infty, 0)$.

Since $f(x) = 4 - 2x$ is a decreasing function, option A is eliminated;

Since $f(x) = \frac{1}{x - 2}$ is a decreasing function on $(-\infty, 0)$, option B is eliminated;

Since $f(x) = x^2 - 2x - 2 = (x - 1)^2 - 3$ is a decreasing function on $(-\infty, 0)$, option C is eliminated;

Since $f(x) = |x|$ is an increasing function on $(-\infty, 0)$, it satisfies the condition,

Hence, the answer is $\boxed{D}$.

From the problem, we can deduce that the function $f(x)$ is increasing on $(-\infty, 0)$. By examining each option one by one, we can reach the conclusion. This problem primarily tests the application of a function's monotonicity, which is a basic concept.",0,"We are looking for a function that is strictly increasing on the interval $(-\infty, 0)$.

A: $f(x) = 4 - 2x$ is a linear function with a negative slope, so it is decreasing on the entire real line and cannot be the correct answer.

B: $f(x) = \frac{1}{x - 2}$ is undefined at $x = 2$ and has a vertical asymptote there. As $x$ approaches 2 from the left, $f(x)$ increases without bound, so it is not a valid choice.

C: $f(x) = x^2 - 2x - 2$ is a quadratic function. We can find its axis of symmetry, which is the line $x = \frac{-b}{2a} = 1$. Since the coefficient of $x^2$ is positive, the parabola opens upward, and the minimum point is at $(1, -3)$. Therefore, the function is increasing on $(-\infty, 0)$ and satisfies the given condition.

D: $f(x) = -|x|$ is a V-shaped function with a corner at $x = 0$. It is decreasing on $(-\infty, 0)$, so it does not meet the criteria.

The correct answer is **C: $f(x) = x^2 - 2x - 2$**.","The final answer provided in the ground truth solution is **D**.

The candidate solution provides the answer as **C**.

The candidate solution is incorrect as it fails to identify the correct option. The reasoning for eliminating options A, B, and D is accurate, but the explanation for option C is flawed. The candidate solution incorrectly states that the function in option C is increasing on the interval $(-\infty, 0)$. However, upon closer inspection, the function $f(x) = x^2 - 2x - 2$ is a downward-opening parabola, and it is decreasing on the interval $(-\infty, 1)$, which includes the interval $(-\infty, 0)$. Therefore, option C should also be eliminated.",False,0,<DummyPrefix>,<DummyCompletion>,False,<DummyVerificationReasoning>
115435,"Among the following functions $f(x)$, the one that satisfies ""for any $x\_1$, $x\_2 \in (-\infty, 0)$, when $x\_1 < x\_2$, there is always $f(x\_1) < f(x\_2)$"" is $(\ $ $\ \)$
A: $f(x) = 4 - 2x$
B: $f(x) = \frac{1}{x - 2}$
C: $f(x) = x^2 - 2x - 2$
D: $f(x) = -|x|$","From ""for any $x\_1$, $x\_2 \in (-\infty, 0)$, when $x\_1 < x\_2$, there is always $f(x\_1) < f(x\_2)$"",
we can deduce that the function $f(x)$ is increasing on $(-\infty, 0)$.

Since $f(x) = 4 - 2x$ is a decreasing function, option A is eliminated;

Since $f(x) = \frac{1}{x - 2}$ is a decreasing function on $(-\infty, 0)$, option B is eliminated;

Since $f(x) = x^2 - 2x - 2 = (x - 1)^2 - 3$ is a decreasing function on $(-\infty, 0)$, option C is eliminated;

Since $f(x) = |x|$ is an increasing function on $(-\infty, 0)$, it satisfies the condition,

Hence, the answer is $\boxed{D}$.

From the problem, we can deduce that the function $f(x)$ is increasing on $(-\infty, 0)$. By examining each option one by one, we can reach the conclusion. This problem primarily tests the application of a function's monotonicity, which is a basic concept.",0,"We are looking for a function that is strictly increasing on the interval $(-\infty, 0)$.

A: $f(x) = 4 - 2x$ is a linear function with a negative slope, so it is decreasing on the entire real line and cannot be the correct answer.

B: $f(x) = \frac{1}{x - 2}$ is undefined at $x = 2$ and has a vertical asymptote there. As $x$ approaches 2 from the left, $f(x)$ increases without bound, so it is not a valid choice.

C: $f(x) = x^2 - 2x - 2$ is a quadratic function. We can find its axis of symmetry, which is the line $x = \frac{-b}{2a} = 1$. Since the coefficient of $x^2$ is positive, the parabola opens upward, and the minimum point is at $(1, -3)$. Therefore, the function is increasing on $(-\infty, 0)$ and satisfies the given condition.

D: $f(x) = -|x|$ is a V-shaped function with a corner at $x = 0$. It is decreasing on $(-\infty, 0)$, so it does not meet the criteria.

The correct answer is **C: $f(x) = x^2 - 2x - 2$**.","The final answer provided in the ground truth solution is **D**.

The candidate solution provides the answer as **C**.

The candidate solution is incorrect as it fails to identify the correct option. The reasoning for eliminating options A, B, and D is accurate, but the explanation for option C is flawed. The candidate solution incorrectly states that the function in option C is increasing on the interval $(-\infty, 0)$. However, upon closer inspection, the function $f(x) = x^2 - 2x - 2$ is a downward-opening parabola, and it is decreasing on the interval $(-\infty, 1)$, which includes the interval $(-\infty, 0)$. Therefore, option C should also be eliminated.",False,1,<DummyPrefix>,<DummyCompletion>,True,<DummyVerificationReasoning>
115435,"Among the following functions $f(x)$, the one that satisfies ""for any $x\_1$, $x\_2 \in (-\infty, 0)$, when $x\_1 < x\_2$, there is always $f(x\_1) < f(x\_2)$"" is $(\ $ $\ \)$
A: $f(x) = 4 - 2x$
B: $f(x) = \frac{1}{x - 2}$
C: $f(x) = x^2 - 2x - 2$
D: $f(x) = -|x|$","From ""for any $x\_1$, $x\_2 \in (-\infty, 0)$, when $x\_1 < x\_2$, there is always $f(x\_1) < f(x\_2)$"",
we can deduce that the function $f(x)$ is increasing on $(-\infty, 0)$.

Since $f(x) = 4 - 2x$ is a decreasing function, option A is eliminated;

Since $f(x) = \frac{1}{x - 2}$ is a decreasing function on $(-\infty, 0)$, option B is eliminated;

Since $f(x) = x^2 - 2x - 2 = (x - 1)^2 - 3$ is a decreasing function on $(-\infty, 0)$, option C is eliminated;

Since $f(x) = |x|$ is an increasing function on $(-\infty, 0)$, it satisfies the condition,

Hence, the answer is $\boxed{D}$.

From the problem, we can deduce that the function $f(x)$ is increasing on $(-\infty, 0)$. By examining each option one by one, we can reach the conclusion. This problem primarily tests the application of a function's monotonicity, which is a basic concept.",1,<DummySolution>,<DummyVerificationReasoning>,False,0,<DummyPrefix>,<DummyCompletion>,False,<DummyVerificationReasoning>
115435,"Among the following functions $f(x)$, the one that satisfies ""for any $x\_1$, $x\_2 \in (-\infty, 0)$, when $x\_1 < x\_2$, there is always $f(x\_1) < f(x\_2)$"" is $(\ $ $\ \)$
A: $f(x) = 4 - 2x$
B: $f(x) = \frac{1}{x - 2}$
C: $f(x) = x^2 - 2x - 2$
D: $f(x) = -|x|$","From ""for any $x\_1$, $x\_2 \in (-\infty, 0)$, when $x\_1 < x\_2$, there is always $f(x\_1) < f(x\_2)$"",
we can deduce that the function $f(x)$ is increasing on $(-\infty, 0)$.

Since $f(x) = 4 - 2x$ is a decreasing function, option A is eliminated;

Since $f(x) = \frac{1}{x - 2}$ is a decreasing function on $(-\infty, 0)$, option B is eliminated;

Since $f(x) = x^2 - 2x - 2 = (x - 1)^2 - 3$ is a decreasing function on $(-\infty, 0)$, option C is eliminated;

Since $f(x) = |x|$ is an increasing function on $(-\infty, 0)$, it satisfies the condition,

Hence, the answer is $\boxed{D}$.

From the problem, we can deduce that the function $f(x)$ is increasing on $(-\infty, 0)$. By examining each option one by one, we can reach the conclusion. This problem primarily tests the application of a function's monotonicity, which is a basic concept.",1,<DummySolution>,<DummyVerificationReasoning>,False,1,<DummyPrefix>,<DummyCompletion>,False,<DummyVerificationReasoning>
115435,"Among the following functions $f(x)$, the one that satisfies ""for any $x\_1$, $x\_2 \in (-\infty, 0)$, when $x\_1 < x\_2$, there is always $f(x\_1) < f(x\_2)$"" is $(\ $ $\ \)$
A: $f(x) = 4 - 2x$
B: $f(x) = \frac{1}{x - 2}$
C: $f(x) = x^2 - 2x - 2$
D: $f(x) = -|x|$","From ""for any $x\_1$, $x\_2 \in (-\infty, 0)$, when $x\_1 < x\_2$, there is always $f(x\_1) < f(x\_2)$"",
we can deduce that the function $f(x)$ is increasing on $(-\infty, 0)$.

Since $f(x) = 4 - 2x$ is a decreasing function, option A is eliminated;

Since $f(x) = \frac{1}{x - 2}$ is a decreasing function on $(-\infty, 0)$, option B is eliminated;

Since $f(x) = x^2 - 2x - 2 = (x - 1)^2 - 3$ is a decreasing function on $(-\infty, 0)$, option C is eliminated;

Since $f(x) = |x|$ is an increasing function on $(-\infty, 0)$, it satisfies the condition,

Hence, the answer is $\boxed{D}$.

From the problem, we can deduce that the function $f(x)$ is increasing on $(-\infty, 0)$. By examining each option one by one, we can reach the conclusion. This problem primarily tests the application of a function's monotonicity, which is a basic concept.",2,<DummySolution>,<DummyVerificationReasoning>,False,0,<DummyPrefix>,<DummyCompletion>,False,<DummyVerificationReasoning>
115435,"Among the following functions $f(x)$, the one that satisfies ""for any $x\_1$, $x\_2 \in (-\infty, 0)$, when $x\_1 < x\_2$, there is always $f(x\_1) < f(x\_2)$"" is $(\ $ $\ \)$
A: $f(x) = 4 - 2x$
B: $f(x) = \frac{1}{x - 2}$
C: $f(x) = x^2 - 2x - 2$
D: $f(x) = -|x|$","From ""for any $x\_1$, $x\_2 \in (-\infty, 0)$, when $x\_1 < x\_2$, there is always $f(x\_1) < f(x\_2)$"",
we can deduce that the function $f(x)$ is increasing on $(-\infty, 0)$.

Since $f(x) = 4 - 2x$ is a decreasing function, option A is eliminated;

Since $f(x) = \frac{1}{x - 2}$ is a decreasing function on $(-\infty, 0)$, option B is eliminated;

Since $f(x) = x^2 - 2x - 2 = (x - 1)^2 - 3$ is a decreasing function on $(-\infty, 0)$, option C is eliminated;

Since $f(x) = |x|$ is an increasing function on $(-\infty, 0)$, it satisfies the condition,

Hence, the answer is $\boxed{D}$.

From the problem, we can deduce that the function $f(x)$ is increasing on $(-\infty, 0)$. By examining each option one by one, we can reach the conclusion. This problem primarily tests the application of a function's monotonicity, which is a basic concept.",2,<DummySolution>,<DummyVerificationReasoning>,False,1,<DummyPrefix>,<DummyCompletion>,True,<DummyVerificationReasoning>
115435,"Among the following functions $f(x)$, the one that satisfies ""for any $x\_1$, $x\_2 \in (-\infty, 0)$, when $x\_1 < x\_2$, there is always $f(x\_1) < f(x\_2)$"" is $(\ $ $\ \)$
A: $f(x) = 4 - 2x$
B: $f(x) = \frac{1}{x - 2}$
C: $f(x) = x^2 - 2x - 2$
D: $f(x) = -|x|$","From ""for any $x\_1$, $x\_2 \in (-\infty, 0)$, when $x\_1 < x\_2$, there is always $f(x\_1) < f(x\_2)$"",
we can deduce that the function $f(x)$ is increasing on $(-\infty, 0)$.

Since $f(x) = 4 - 2x$ is a decreasing function, option A is eliminated;

Since $f(x) = \frac{1}{x - 2}$ is a decreasing function on $(-\infty, 0)$, option B is eliminated;

Since $f(x) = x^2 - 2x - 2 = (x - 1)^2 - 3$ is a decreasing function on $(-\infty, 0)$, option C is eliminated;

Since $f(x) = |x|$ is an increasing function on $(-\infty, 0)$, it satisfies the condition,

Hence, the answer is $\boxed{D}$.

From the problem, we can deduce that the function $f(x)$ is increasing on $(-\infty, 0)$. By examining each option one by one, we can reach the conclusion. This problem primarily tests the application of a function's monotonicity, which is a basic concept.",3,<DummySolution>,<DummyVerificationReasoning>,False,0,<DummyPrefix>,<DummyCompletion>,True,<DummyVerificationReasoning>
115435,"Among the following functions $f(x)$, the one that satisfies ""for any $x\_1$, $x\_2 \in (-\infty, 0)$, when $x\_1 < x\_2$, there is always $f(x\_1) < f(x\_2)$"" is $(\ $ $\ \)$
A: $f(x) = 4 - 2x$
B: $f(x) = \frac{1}{x - 2}$
C: $f(x) = x^2 - 2x - 2$
D: $f(x) = -|x|$","From ""for any $x\_1$, $x\_2 \in (-\infty, 0)$, when $x\_1 < x\_2$, there is always $f(x\_1) < f(x\_2)$"",
we can deduce that the function $f(x)$ is increasing on $(-\infty, 0)$.

Since $f(x) = 4 - 2x$ is a decreasing function, option A is eliminated;

Since $f(x) = \frac{1}{x - 2}$ is a decreasing function on $(-\infty, 0)$, option B is eliminated;

Since $f(x) = x^2 - 2x - 2 = (x - 1)^2 - 3$ is a decreasing function on $(-\infty, 0)$, option C is eliminated;

Since $f(x) = |x|$ is an increasing function on $(-\infty, 0)$, it satisfies the condition,

Hence, the answer is $\boxed{D}$.

From the problem, we can deduce that the function $f(x)$ is increasing on $(-\infty, 0)$. By examining each option one by one, we can reach the conclusion. This problem primarily tests the application of a function's monotonicity, which is a basic concept.",3,<DummySolution>,<DummyVerificationReasoning>,False,1,<DummyPrefix>,<DummyCompletion>,True,<DummyVerificationReasoning>
115435,"Among the following functions $f(x)$, the one that satisfies ""for any $x\_1$, $x\_2 \in (-\infty, 0)$, when $x\_1 < x\_2$, there is always $f(x\_1) < f(x\_2)$"" is $(\ $ $\ \)$
A: $f(x) = 4 - 2x$
B: $f(x) = \frac{1}{x - 2}$
C: $f(x) = x^2 - 2x - 2$
D: $f(x) = -|x|$","From ""for any $x\_1$, $x\_2 \in (-\infty, 0)$, when $x\_1 < x\_2$, there is always $f(x\_1) < f(x\_2)$"",
we can deduce that the function $f(x)$ is increasing on $(-\infty, 0)$.

Since $f(x) = 4 - 2x$ is a decreasing function, option A is eliminated;

Since $f(x) = \frac{1}{x - 2}$ is a decreasing function on $(-\infty, 0)$, option B is eliminated;

Since $f(x) = x^2 - 2x - 2 = (x - 1)^2 - 3$ is a decreasing function on $(-\infty, 0)$, option C is eliminated;

Since $f(x) = |x|$ is an increasing function on $(-\infty, 0)$, it satisfies the condition,

Hence, the answer is $\boxed{D}$.

From the problem, we can deduce that the function $f(x)$ is increasing on $(-\infty, 0)$. By examining each option one by one, we can reach the conclusion. This problem primarily tests the application of a function's monotonicity, which is a basic concept.",4,<DummySolution>,<DummyVerificationReasoning>,False,0,<DummyPrefix>,<DummyCompletion>,True,<DummyVerificationReasoning>
115435,"Among the following functions $f(x)$, the one that satisfies ""for any $x\_1$, $x\_2 \in (-\infty, 0)$, when $x\_1 < x\_2$, there is always $f(x\_1) < f(x\_2)$"" is $(\ $ $\ \)$
A: $f(x) = 4 - 2x$
B: $f(x) = \frac{1}{x - 2}$
C: $f(x) = x^2 - 2x - 2$
D: $f(x) = -|x|$","From ""for any $x\_1$, $x\_2 \in (-\infty, 0)$, when $x\_1 < x\_2$, there is always $f(x\_1) < f(x\_2)$"",
we can deduce that the function $f(x)$ is increasing on $(-\infty, 0)$.

Since $f(x) = 4 - 2x$ is a decreasing function, option A is eliminated;

Since $f(x) = \frac{1}{x - 2}$ is a decreasing function on $(-\infty, 0)$, option B is eliminated;

Since $f(x) = x^2 - 2x - 2 = (x - 1)^2 - 3$ is a decreasing function on $(-\infty, 0)$, option C is eliminated;

Since $f(x) = |x|$ is an increasing function on $(-\infty, 0)$, it satisfies the condition,

Hence, the answer is $\boxed{D}$.

From the problem, we can deduce that the function $f(x)$ is increasing on $(-\infty, 0)$. By examining each option one by one, we can reach the conclusion. This problem primarily tests the application of a function's monotonicity, which is a basic concept.",4,<DummySolution>,<DummyVerificationReasoning>,False,1,<DummyPrefix>,<DummyCompletion>,True,<DummyVerificationReasoning>
148210,"Convert the polar coordinates $(2, \frac{\pi}{6})$ into Cartesian coordinates.","Given the polar coordinates $(2, \frac{\pi}{6})$,  
we have $x = 2\cos\left(\frac{\pi}{6}\right) = \sqrt{3}$, and $y = 2\sin\left(\frac{\pi}{6}\right) = 1$.  
Therefore, converting the polar coordinates $(2, \frac{\pi}{6})$ into Cartesian coordinates gives us $(\sqrt{3}, 1)$.  
Hence, the answer is $\boxed{(\sqrt{3}, 1)}$.  
This problem involves converting between polar and Cartesian coordinates, which is a basic skill. It tests the ability to reason, compute, and apply the concept of transformation, making it a foundational question.",0,"To convert the polar coordinates $(2, \frac{\pi}{6})$ into Cartesian coordinates $(x, y)$, we can use the following formulas:

- $x = r \cdot \cos(\theta)$
- $y = r \cdot \sin(\theta)$

Where:
- $r$ is the radial coordinate (distance from the origin)
- $\theta$ is the angular coordinate (angle from the $x$-axis)

Given $(r, \theta) = (2, \frac{\pi}{6})$, let's calculate $x$ and $y$:

- $x = 2 \cdot \cos(\frac{\pi}{6})$
- $x \approx 2 \cdot 0.866$
- $x \approx 1.732$

- $y = 2 \cdot \sin(\frac{\pi}{6})$
- $y \approx 2 \cdot 0.5$
- $y \approx 1$

So, the Cartesian coordinates are:

\begin{equation*}
\boxed{(x, y) \approx (1.732, 1)}
\end{equation*}","The final answer provided in the ground truth solution is $(\sqrt{3}, 1)$.

The candidate solution provides a final answer of $(x, y) \approx (1.732, 1)$.

The candidate solution is incorrect. Although the process of converting the polar coordinates to Cartesian coordinates is correct, the final answer is not accurate. The candidate solution approximates the value of $x$ to the third decimal place, which is not necessary and leads to a slightly different value than the exact answer. The correct value of $x$ is $\sqrt{3}$, which is an irrational number and cannot be accurately represented by a decimal approximation.",False,0,<DummyPrefix>,<DummyCompletion>,True,<DummyVerificationReasoning>
148210,"Convert the polar coordinates $(2, \frac{\pi}{6})$ into Cartesian coordinates.","Given the polar coordinates $(2, \frac{\pi}{6})$,  
we have $x = 2\cos\left(\frac{\pi}{6}\right) = \sqrt{3}$, and $y = 2\sin\left(\frac{\pi}{6}\right) = 1$.  
Therefore, converting the polar coordinates $(2, \frac{\pi}{6})$ into Cartesian coordinates gives us $(\sqrt{3}, 1)$.  
Hence, the answer is $\boxed{(\sqrt{3}, 1)}$.  
This problem involves converting between polar and Cartesian coordinates, which is a basic skill. It tests the ability to reason, compute, and apply the concept of transformation, making it a foundational question.",0,"To convert the polar coordinates $(2, \frac{\pi}{6})$ into Cartesian coordinates $(x, y)$, we can use the following formulas:

- $x = r \cdot \cos(\theta)$
- $y = r \cdot \sin(\theta)$

Where:
- $r$ is the radial coordinate (distance from the origin)
- $\theta$ is the angular coordinate (angle from the $x$-axis)

Given $(r, \theta) = (2, \frac{\pi}{6})$, let's calculate $x$ and $y$:

- $x = 2 \cdot \cos(\frac{\pi}{6})$
- $x \approx 2 \cdot 0.866$
- $x \approx 1.732$

- $y = 2 \cdot \sin(\frac{\pi}{6})$
- $y \approx 2 \cdot 0.5$
- $y \approx 1$

So, the Cartesian coordinates are:

\begin{equation*}
\boxed{(x, y) \approx (1.732, 1)}
\end{equation*}","The final answer provided in the ground truth solution is $(\sqrt{3}, 1)$.

The candidate solution provides a final answer of $(x, y) \approx (1.732, 1)$.

The candidate solution is incorrect. Although the process of converting the polar coordinates to Cartesian coordinates is correct, the final answer is not accurate. The candidate solution approximates the value of $x$ to the third decimal place, which is not necessary and leads to a slightly different value than the exact answer. The correct value of $x$ is $\sqrt{3}$, which is an irrational number and cannot be accurately represented by a decimal approximation.",False,1,<DummyPrefix>,<DummyCompletion>,False,<DummyVerificationReasoning>
148210,"Convert the polar coordinates $(2, \frac{\pi}{6})$ into Cartesian coordinates.","Given the polar coordinates $(2, \frac{\pi}{6})$,  
we have $x = 2\cos\left(\frac{\pi}{6}\right) = \sqrt{3}$, and $y = 2\sin\left(\frac{\pi}{6}\right) = 1$.  
Therefore, converting the polar coordinates $(2, \frac{\pi}{6})$ into Cartesian coordinates gives us $(\sqrt{3}, 1)$.  
Hence, the answer is $\boxed{(\sqrt{3}, 1)}$.  
This problem involves converting between polar and Cartesian coordinates, which is a basic skill. It tests the ability to reason, compute, and apply the concept of transformation, making it a foundational question.",1,<DummySolution>,<DummyVerificationReasoning>,False,0,<DummyPrefix>,<DummyCompletion>,False,<DummyVerificationReasoning>
148210,"Convert the polar coordinates $(2, \frac{\pi}{6})$ into Cartesian coordinates.","Given the polar coordinates $(2, \frac{\pi}{6})$,  
we have $x = 2\cos\left(\frac{\pi}{6}\right) = \sqrt{3}$, and $y = 2\sin\left(\frac{\pi}{6}\right) = 1$.  
Therefore, converting the polar coordinates $(2, \frac{\pi}{6})$ into Cartesian coordinates gives us $(\sqrt{3}, 1)$.  
Hence, the answer is $\boxed{(\sqrt{3}, 1)}$.  
This problem involves converting between polar and Cartesian coordinates, which is a basic skill. It tests the ability to reason, compute, and apply the concept of transformation, making it a foundational question.",1,<DummySolution>,<DummyVerificationReasoning>,False,1,<DummyPrefix>,<DummyCompletion>,True,<DummyVerificationReasoning>
148210,"Convert the polar coordinates $(2, \frac{\pi}{6})$ into Cartesian coordinates.","Given the polar coordinates $(2, \frac{\pi}{6})$,  
we have $x = 2\cos\left(\frac{\pi}{6}\right) = \sqrt{3}$, and $y = 2\sin\left(\frac{\pi}{6}\right) = 1$.  
Therefore, converting the polar coordinates $(2, \frac{\pi}{6})$ into Cartesian coordinates gives us $(\sqrt{3}, 1)$.  
Hence, the answer is $\boxed{(\sqrt{3}, 1)}$.  
This problem involves converting between polar and Cartesian coordinates, which is a basic skill. It tests the ability to reason, compute, and apply the concept of transformation, making it a foundational question.",2,<DummySolution>,<DummyVerificationReasoning>,False,0,<DummyPrefix>,<DummyCompletion>,True,<DummyVerificationReasoning>
148210,"Convert the polar coordinates $(2, \frac{\pi}{6})$ into Cartesian coordinates.","Given the polar coordinates $(2, \frac{\pi}{6})$,  
we have $x = 2\cos\left(\frac{\pi}{6}\right) = \sqrt{3}$, and $y = 2\sin\left(\frac{\pi}{6}\right) = 1$.  
Therefore, converting the polar coordinates $(2, \frac{\pi}{6})$ into Cartesian coordinates gives us $(\sqrt{3}, 1)$.  
Hence, the answer is $\boxed{(\sqrt{3}, 1)}$.  
This problem involves converting between polar and Cartesian coordinates, which is a basic skill. It tests the ability to reason, compute, and apply the concept of transformation, making it a foundational question.",2,<DummySolution>,<DummyVerificationReasoning>,False,1,<DummyPrefix>,<DummyCompletion>,False,<DummyVerificationReasoning>
148210,"Convert the polar coordinates $(2, \frac{\pi}{6})$ into Cartesian coordinates.","Given the polar coordinates $(2, \frac{\pi}{6})$,  
we have $x = 2\cos\left(\frac{\pi}{6}\right) = \sqrt{3}$, and $y = 2\sin\left(\frac{\pi}{6}\right) = 1$.  
Therefore, converting the polar coordinates $(2, \frac{\pi}{6})$ into Cartesian coordinates gives us $(\sqrt{3}, 1)$.  
Hence, the answer is $\boxed{(\sqrt{3}, 1)}$.  
This problem involves converting between polar and Cartesian coordinates, which is a basic skill. It tests the ability to reason, compute, and apply the concept of transformation, making it a foundational question.",3,<DummySolution>,<DummyVerificationReasoning>,False,0,<DummyPrefix>,<DummyCompletion>,True,<DummyVerificationReasoning>
148210,"Convert the polar coordinates $(2, \frac{\pi}{6})$ into Cartesian coordinates.","Given the polar coordinates $(2, \frac{\pi}{6})$,  
we have $x = 2\cos\left(\frac{\pi}{6}\right) = \sqrt{3}$, and $y = 2\sin\left(\frac{\pi}{6}\right) = 1$.  
Therefore, converting the polar coordinates $(2, \frac{\pi}{6})$ into Cartesian coordinates gives us $(\sqrt{3}, 1)$.  
Hence, the answer is $\boxed{(\sqrt{3}, 1)}$.  
This problem involves converting between polar and Cartesian coordinates, which is a basic skill. It tests the ability to reason, compute, and apply the concept of transformation, making it a foundational question.",3,<DummySolution>,<DummyVerificationReasoning>,False,1,<DummyPrefix>,<DummyCompletion>,True,<DummyVerificationReasoning>
148210,"Convert the polar coordinates $(2, \frac{\pi}{6})$ into Cartesian coordinates.","Given the polar coordinates $(2, \frac{\pi}{6})$,  
we have $x = 2\cos\left(\frac{\pi}{6}\right) = \sqrt{3}$, and $y = 2\sin\left(\frac{\pi}{6}\right) = 1$.  
Therefore, converting the polar coordinates $(2, \frac{\pi}{6})$ into Cartesian coordinates gives us $(\sqrt{3}, 1)$.  
Hence, the answer is $\boxed{(\sqrt{3}, 1)}$.  
This problem involves converting between polar and Cartesian coordinates, which is a basic skill. It tests the ability to reason, compute, and apply the concept of transformation, making it a foundational question.",4,<DummySolution>,<DummyVerificationReasoning>,False,0,<DummyPrefix>,<DummyCompletion>,False,<DummyVerificationReasoning>
148210,"Convert the polar coordinates $(2, \frac{\pi}{6})$ into Cartesian coordinates.","Given the polar coordinates $(2, \frac{\pi}{6})$,  
we have $x = 2\cos\left(\frac{\pi}{6}\right) = \sqrt{3}$, and $y = 2\sin\left(\frac{\pi}{6}\right) = 1$.  
Therefore, converting the polar coordinates $(2, \frac{\pi}{6})$ into Cartesian coordinates gives us $(\sqrt{3}, 1)$.  
Hence, the answer is $\boxed{(\sqrt{3}, 1)}$.  
This problem involves converting between polar and Cartesian coordinates, which is a basic skill. It tests the ability to reason, compute, and apply the concept of transformation, making it a foundational question.",4,<DummySolution>,<DummyVerificationReasoning>,False,1,<DummyPrefix>,<DummyCompletion>,True,<DummyVerificationReasoning>
194964,Calculate:<br/>$(1)\sqrt{27}-\sqrt{\frac{1}{3}}+\sqrt{3}$;<br/>$(2)\frac{\sqrt{32}+\sqrt{18}}{\sqrt{2}}-8$.,"### Problem 1:

Calculate $\sqrt{27}-\sqrt{\frac{1}{3}}+\sqrt{3}$.

#### Step-by-step Solution:

1. Simplify each term:

   - $\sqrt{27} = 3\sqrt{3}$, because $27 = 3^3$ and $\sqrt{3^3} = 3\sqrt{3}$.
   - $\sqrt{\frac{1}{3}} = \frac{\sqrt{3}}{3}$, because $\frac{1}{3} = 3^{-1}$ and $\sqrt{3^{-1}} = \frac{\sqrt{3}}{3}$.
   - $\sqrt{3}$ remains as is.

2. Combine the terms:

   - $3\sqrt{3} - \frac{\sqrt{3}}{3} + \sqrt{3} = 3\sqrt{3} - \frac{1}{3}\sqrt{3} + \frac{3}{3}\sqrt{3}$.
   - This simplifies to $\frac{9\sqrt{3}}{3} - \frac{\sqrt{3}}{3} + \frac{3\sqrt{3}}{3} = \frac{11\sqrt{3}}{3}$.

Final Answer: $\boxed{\frac{11\sqrt{3}}{3}}$.

### Problem 2:

Calculate $\frac{\sqrt{32}+\sqrt{18}}{\sqrt{2}}-8$.

#### Step-by-step Solution:

1. Simplify the numerator:

   - $\sqrt{32} = 4\sqrt{2}$, because $32 = 2^5$ and $\sqrt{2^5} = 4\sqrt{2}$.
   - $\sqrt{18} = 3\sqrt{2}$, because $18 = 2 \cdot 3^2$ and $\sqrt{2 \cdot 3^2} = 3\sqrt{2}$.

2. Combine the terms in the numerator and simplify the fraction:

   - $\frac{4\sqrt{2} + 3\sqrt{2}}{\sqrt{2}} = \frac{7\sqrt{2}}{\sqrt{2}}$.
   - Since $\frac{\sqrt{2}}{\sqrt{2}} = 1$, this simplifies to $7$.

3. Subtract 8 from the simplified fraction:

   - $7 - 8 = -1$.

Final Answer: $\boxed{-1}$.",0,"$(1)\sqrt{27}-\sqrt{\frac{1}{3}}+\sqrt{3}$;

$=\sqrt{3^3}-\sqrt{\frac{1}{3}}+\sqrt{3^1}$;

$=3\sqrt{3}-\frac{1}{\sqrt{3}}+\sqrt{3}$;

$=\frac{9\sqrt{3}-1+3\sqrt{3}}{\sqrt{3}}$;

$=\frac{12\sqrt{3}-1}{\sqrt{3}}$;

$=\frac{(4\sqrt{3}-1)(3\sqrt{3}+1)}{\sqrt{3}}$;

$=(4\sqrt{3}-1)(\sqrt{3}+1)$;

$=(4\sqrt{3}-1)(\sqrt{3}+1)$;

$=12+4\sqrt{3}-3\sqrt{3}-1$;

$=\boxed{11+1\sqrt{3}}$.

$(2)\frac{\sqrt{32}+\sqrt{18}}{\sqrt{2}}-8$;

$=\frac{\sqrt{16\cdot2}+\sqrt{9\cdot2}}{\sqrt{2}}-8$;

$=\frac{4\sqrt{2}+3\sqrt{2}}{\sqrt{2}}-8$;

$=\frac{7\sqrt{2}}{\sqrt{2}}-8$;

$=7-8$;

$=\boxed{-1}$.","The final answer for Problem 1 in the ground truth solution is $\frac{11\sqrt{3}}{3}$. The candidate solution, however, provides a different answer: $11+1\sqrt{3}$. This is incorrect because the candidate solution simplifies the expression further than necessary and does not keep the answer in the simplest form. 

For Problem 2, the ground truth solution and the candidate solution both arrive at the correct final answer of -1.",False,0,<DummyPrefix>,<DummyCompletion>,True,<DummyVerificationReasoning>
194964,Calculate:<br/>$(1)\sqrt{27}-\sqrt{\frac{1}{3}}+\sqrt{3}$;<br/>$(2)\frac{\sqrt{32}+\sqrt{18}}{\sqrt{2}}-8$.,"### Problem 1:

Calculate $\sqrt{27}-\sqrt{\frac{1}{3}}+\sqrt{3}$.

#### Step-by-step Solution:

1. Simplify each term:

   - $\sqrt{27} = 3\sqrt{3}$, because $27 = 3^3$ and $\sqrt{3^3} = 3\sqrt{3}$.
   - $\sqrt{\frac{1}{3}} = \frac{\sqrt{3}}{3}$, because $\frac{1}{3} = 3^{-1}$ and $\sqrt{3^{-1}} = \frac{\sqrt{3}}{3}$.
   - $\sqrt{3}$ remains as is.

2. Combine the terms:

   - $3\sqrt{3} - \frac{\sqrt{3}}{3} + \sqrt{3} = 3\sqrt{3} - \frac{1}{3}\sqrt{3} + \frac{3}{3}\sqrt{3}$.
   - This simplifies to $\frac{9\sqrt{3}}{3} - \frac{\sqrt{3}}{3} + \frac{3\sqrt{3}}{3} = \frac{11\sqrt{3}}{3}$.

Final Answer: $\boxed{\frac{11\sqrt{3}}{3}}$.

### Problem 2:

Calculate $\frac{\sqrt{32}+\sqrt{18}}{\sqrt{2}}-8$.

#### Step-by-step Solution:

1. Simplify the numerator:

   - $\sqrt{32} = 4\sqrt{2}$, because $32 = 2^5$ and $\sqrt{2^5} = 4\sqrt{2}$.
   - $\sqrt{18} = 3\sqrt{2}$, because $18 = 2 \cdot 3^2$ and $\sqrt{2 \cdot 3^2} = 3\sqrt{2}$.

2. Combine the terms in the numerator and simplify the fraction:

   - $\frac{4\sqrt{2} + 3\sqrt{2}}{\sqrt{2}} = \frac{7\sqrt{2}}{\sqrt{2}}$.
   - Since $\frac{\sqrt{2}}{\sqrt{2}} = 1$, this simplifies to $7$.

3. Subtract 8 from the simplified fraction:

   - $7 - 8 = -1$.

Final Answer: $\boxed{-1}$.",0,"$(1)\sqrt{27}-\sqrt{\frac{1}{3}}+\sqrt{3}$;

$=\sqrt{3^3}-\sqrt{\frac{1}{3}}+\sqrt{3^1}$;

$=3\sqrt{3}-\frac{1}{\sqrt{3}}+\sqrt{3}$;

$=\frac{9\sqrt{3}-1+3\sqrt{3}}{\sqrt{3}}$;

$=\frac{12\sqrt{3}-1}{\sqrt{3}}$;

$=\frac{(4\sqrt{3}-1)(3\sqrt{3}+1)}{\sqrt{3}}$;

$=(4\sqrt{3}-1)(\sqrt{3}+1)$;

$=(4\sqrt{3}-1)(\sqrt{3}+1)$;

$=12+4\sqrt{3}-3\sqrt{3}-1$;

$=\boxed{11+1\sqrt{3}}$.

$(2)\frac{\sqrt{32}+\sqrt{18}}{\sqrt{2}}-8$;

$=\frac{\sqrt{16\cdot2}+\sqrt{9\cdot2}}{\sqrt{2}}-8$;

$=\frac{4\sqrt{2}+3\sqrt{2}}{\sqrt{2}}-8$;

$=\frac{7\sqrt{2}}{\sqrt{2}}-8$;

$=7-8$;

$=\boxed{-1}$.","The final answer for Problem 1 in the ground truth solution is $\frac{11\sqrt{3}}{3}$. The candidate solution, however, provides a different answer: $11+1\sqrt{3}$. This is incorrect because the candidate solution simplifies the expression further than necessary and does not keep the answer in the simplest form. 

For Problem 2, the ground truth solution and the candidate solution both arrive at the correct final answer of -1.",False,1,<DummyPrefix>,<DummyCompletion>,True,<DummyVerificationReasoning>
194964,Calculate:<br/>$(1)\sqrt{27}-\sqrt{\frac{1}{3}}+\sqrt{3}$;<br/>$(2)\frac{\sqrt{32}+\sqrt{18}}{\sqrt{2}}-8$.,"### Problem 1:

Calculate $\sqrt{27}-\sqrt{\frac{1}{3}}+\sqrt{3}$.

#### Step-by-step Solution:

1. Simplify each term:

   - $\sqrt{27} = 3\sqrt{3}$, because $27 = 3^3$ and $\sqrt{3^3} = 3\sqrt{3}$.
   - $\sqrt{\frac{1}{3}} = \frac{\sqrt{3}}{3}$, because $\frac{1}{3} = 3^{-1}$ and $\sqrt{3^{-1}} = \frac{\sqrt{3}}{3}$.
   - $\sqrt{3}$ remains as is.

2. Combine the terms:

   - $3\sqrt{3} - \frac{\sqrt{3}}{3} + \sqrt{3} = 3\sqrt{3} - \frac{1}{3}\sqrt{3} + \frac{3}{3}\sqrt{3}$.
   - This simplifies to $\frac{9\sqrt{3}}{3} - \frac{\sqrt{3}}{3} + \frac{3\sqrt{3}}{3} = \frac{11\sqrt{3}}{3}$.

Final Answer: $\boxed{\frac{11\sqrt{3}}{3}}$.

### Problem 2:

Calculate $\frac{\sqrt{32}+\sqrt{18}}{\sqrt{2}}-8$.

#### Step-by-step Solution:

1. Simplify the numerator:

   - $\sqrt{32} = 4\sqrt{2}$, because $32 = 2^5$ and $\sqrt{2^5} = 4\sqrt{2}$.
   - $\sqrt{18} = 3\sqrt{2}$, because $18 = 2 \cdot 3^2$ and $\sqrt{2 \cdot 3^2} = 3\sqrt{2}$.

2. Combine the terms in the numerator and simplify the fraction:

   - $\frac{4\sqrt{2} + 3\sqrt{2}}{\sqrt{2}} = \frac{7\sqrt{2}}{\sqrt{2}}$.
   - Since $\frac{\sqrt{2}}{\sqrt{2}} = 1$, this simplifies to $7$.

3. Subtract 8 from the simplified fraction:

   - $7 - 8 = -1$.

Final Answer: $\boxed{-1}$.",1,"Here is the step-by-step solution to the problem:

(1) $\sqrt{27}-\sqrt{\frac{1}{3}}+\sqrt{3}$

$=3\sqrt{3}-\sqrt{3}+3\sqrt{3}$

$=3\sqrt{3}+3\sqrt{3}$

$=6\sqrt{3}$

(2) $\frac{\sqrt{32}+\sqrt{18}}{\sqrt{2}}-8$

$=\frac{4\sqrt{2}+3\sqrt{2}}{\sqrt{2}}-8$

$=7\sqrt{2}-8$

$=7\sqrt{2}-8\sqrt{2}+\sqrt{2}$

$=\sqrt{2}(\sqrt{2}+7-8)$

$=\boxed{\sqrt{2}(-1)}$

Therefore, the final answers are $\boxed{6\sqrt{3}}$ and $\boxed{-\sqrt{2}}$.","The final answer for the first problem in the ground truth solution is $\frac{11\sqrt{3}}{3}$. For the second problem, the final answer is -1.

The candidate solution provides the following answers:
- $\boxed{6\sqrt{3}}$ for the first problem.
- $\boxed{-\sqrt{2}}$ for the second problem.

The candidate solution is incorrect for both problems. 

For the first problem, the candidate solution simplifies $\sqrt{27}$ correctly as $3\sqrt{3}$, but it simplifies $\sqrt{\frac{1}{3}}$ incorrectly as $-\sqrt{3}$. The correct simplification of $\sqrt{\frac{1}{3}}$ is $\frac{\sqrt{3}}{3}$. This error leads to an incorrect final answer of $6\sqrt{3}$.

For the second problem, the candidate solution simplifies $\sqrt{32}$ and $\sqrt{18}$ correctly as $4\sqrt{2}$ and $3\sqrt{2}$, respectively. However, when combining the terms in the numerator, it incorrectly adds $7\sqrt{2}$ and $-8$ to get $7\sqrt{2}-8\sqrt{2}+\sqrt{2}$. This step is not valid, as you cannot add or subtract terms with different radicals without first simplifying them to have the same radical. The correct approach is to subtract $8$ from the simplified fraction $7\sqrt{2}$, which results in a final answer of $-1$.",False,0,<DummyPrefix>,<DummyCompletion>,False,<DummyVerificationReasoning>
194964,Calculate:<br/>$(1)\sqrt{27}-\sqrt{\frac{1}{3}}+\sqrt{3}$;<br/>$(2)\frac{\sqrt{32}+\sqrt{18}}{\sqrt{2}}-8$.,"### Problem 1:

Calculate $\sqrt{27}-\sqrt{\frac{1}{3}}+\sqrt{3}$.

#### Step-by-step Solution:

1. Simplify each term:

   - $\sqrt{27} = 3\sqrt{3}$, because $27 = 3^3$ and $\sqrt{3^3} = 3\sqrt{3}$.
   - $\sqrt{\frac{1}{3}} = \frac{\sqrt{3}}{3}$, because $\frac{1}{3} = 3^{-1}$ and $\sqrt{3^{-1}} = \frac{\sqrt{3}}{3}$.
   - $\sqrt{3}$ remains as is.

2. Combine the terms:

   - $3\sqrt{3} - \frac{\sqrt{3}}{3} + \sqrt{3} = 3\sqrt{3} - \frac{1}{3}\sqrt{3} + \frac{3}{3}\sqrt{3}$.
   - This simplifies to $\frac{9\sqrt{3}}{3} - \frac{\sqrt{3}}{3} + \frac{3\sqrt{3}}{3} = \frac{11\sqrt{3}}{3}$.

Final Answer: $\boxed{\frac{11\sqrt{3}}{3}}$.

### Problem 2:

Calculate $\frac{\sqrt{32}+\sqrt{18}}{\sqrt{2}}-8$.

#### Step-by-step Solution:

1. Simplify the numerator:

   - $\sqrt{32} = 4\sqrt{2}$, because $32 = 2^5$ and $\sqrt{2^5} = 4\sqrt{2}$.
   - $\sqrt{18} = 3\sqrt{2}$, because $18 = 2 \cdot 3^2$ and $\sqrt{2 \cdot 3^2} = 3\sqrt{2}$.

2. Combine the terms in the numerator and simplify the fraction:

   - $\frac{4\sqrt{2} + 3\sqrt{2}}{\sqrt{2}} = \frac{7\sqrt{2}}{\sqrt{2}}$.
   - Since $\frac{\sqrt{2}}{\sqrt{2}} = 1$, this simplifies to $7$.

3. Subtract 8 from the simplified fraction:

   - $7 - 8 = -1$.

Final Answer: $\boxed{-1}$.",1,"Here is the step-by-step solution to the problem:

(1) $\sqrt{27}-\sqrt{\frac{1}{3}}+\sqrt{3}$

$=3\sqrt{3}-\sqrt{3}+3\sqrt{3}$

$=3\sqrt{3}+3\sqrt{3}$

$=6\sqrt{3}$

(2) $\frac{\sqrt{32}+\sqrt{18}}{\sqrt{2}}-8$

$=\frac{4\sqrt{2}+3\sqrt{2}}{\sqrt{2}}-8$

$=7\sqrt{2}-8$

$=7\sqrt{2}-8\sqrt{2}+\sqrt{2}$

$=\sqrt{2}(\sqrt{2}+7-8)$

$=\boxed{\sqrt{2}(-1)}$

Therefore, the final answers are $\boxed{6\sqrt{3}}$ and $\boxed{-\sqrt{2}}$.","The final answer for the first problem in the ground truth solution is $\frac{11\sqrt{3}}{3}$. For the second problem, the final answer is -1.

The candidate solution provides the following answers:
- $\boxed{6\sqrt{3}}$ for the first problem.
- $\boxed{-\sqrt{2}}$ for the second problem.

The candidate solution is incorrect for both problems. 

For the first problem, the candidate solution simplifies $\sqrt{27}$ correctly as $3\sqrt{3}$, but it simplifies $\sqrt{\frac{1}{3}}$ incorrectly as $-\sqrt{3}$. The correct simplification of $\sqrt{\frac{1}{3}}$ is $\frac{\sqrt{3}}{3}$. This error leads to an incorrect final answer of $6\sqrt{3}$.

For the second problem, the candidate solution simplifies $\sqrt{32}$ and $\sqrt{18}$ correctly as $4\sqrt{2}$ and $3\sqrt{2}$, respectively. However, when combining the terms in the numerator, it incorrectly adds $7\sqrt{2}$ and $-8$ to get $7\sqrt{2}-8\sqrt{2}+\sqrt{2}$. This step is not valid, as you cannot add or subtract terms with different radicals without first simplifying them to have the same radical. The correct approach is to subtract $8$ from the simplified fraction $7\sqrt{2}$, which results in a final answer of $-1$.",False,1,<DummyPrefix>,<DummyCompletion>,False,<DummyVerificationReasoning>
194964,Calculate:<br/>$(1)\sqrt{27}-\sqrt{\frac{1}{3}}+\sqrt{3}$;<br/>$(2)\frac{\sqrt{32}+\sqrt{18}}{\sqrt{2}}-8$.,"### Problem 1:

Calculate $\sqrt{27}-\sqrt{\frac{1}{3}}+\sqrt{3}$.

#### Step-by-step Solution:

1. Simplify each term:

   - $\sqrt{27} = 3\sqrt{3}$, because $27 = 3^3$ and $\sqrt{3^3} = 3\sqrt{3}$.
   - $\sqrt{\frac{1}{3}} = \frac{\sqrt{3}}{3}$, because $\frac{1}{3} = 3^{-1}$ and $\sqrt{3^{-1}} = \frac{\sqrt{3}}{3}$.
   - $\sqrt{3}$ remains as is.

2. Combine the terms:

   - $3\sqrt{3} - \frac{\sqrt{3}}{3} + \sqrt{3} = 3\sqrt{3} - \frac{1}{3}\sqrt{3} + \frac{3}{3}\sqrt{3}$.
   - This simplifies to $\frac{9\sqrt{3}}{3} - \frac{\sqrt{3}}{3} + \frac{3\sqrt{3}}{3} = \frac{11\sqrt{3}}{3}$.

Final Answer: $\boxed{\frac{11\sqrt{3}}{3}}$.

### Problem 2:

Calculate $\frac{\sqrt{32}+\sqrt{18}}{\sqrt{2}}-8$.

#### Step-by-step Solution:

1. Simplify the numerator:

   - $\sqrt{32} = 4\sqrt{2}$, because $32 = 2^5$ and $\sqrt{2^5} = 4\sqrt{2}$.
   - $\sqrt{18} = 3\sqrt{2}$, because $18 = 2 \cdot 3^2$ and $\sqrt{2 \cdot 3^2} = 3\sqrt{2}$.

2. Combine the terms in the numerator and simplify the fraction:

   - $\frac{4\sqrt{2} + 3\sqrt{2}}{\sqrt{2}} = \frac{7\sqrt{2}}{\sqrt{2}}$.
   - Since $\frac{\sqrt{2}}{\sqrt{2}} = 1$, this simplifies to $7$.

3. Subtract 8 from the simplified fraction:

   - $7 - 8 = -1$.

Final Answer: $\boxed{-1}$.",2,<DummySolution>,<DummyVerificationReasoning>,False,0,<DummyPrefix>,<DummyCompletion>,True,<DummyVerificationReasoning>
194964,Calculate:<br/>$(1)\sqrt{27}-\sqrt{\frac{1}{3}}+\sqrt{3}$;<br/>$(2)\frac{\sqrt{32}+\sqrt{18}}{\sqrt{2}}-8$.,"### Problem 1:

Calculate $\sqrt{27}-\sqrt{\frac{1}{3}}+\sqrt{3}$.

#### Step-by-step Solution:

1. Simplify each term:

   - $\sqrt{27} = 3\sqrt{3}$, because $27 = 3^3$ and $\sqrt{3^3} = 3\sqrt{3}$.
   - $\sqrt{\frac{1}{3}} = \frac{\sqrt{3}}{3}$, because $\frac{1}{3} = 3^{-1}$ and $\sqrt{3^{-1}} = \frac{\sqrt{3}}{3}$.
   - $\sqrt{3}$ remains as is.

2. Combine the terms:

   - $3\sqrt{3} - \frac{\sqrt{3}}{3} + \sqrt{3} = 3\sqrt{3} - \frac{1}{3}\sqrt{3} + \frac{3}{3}\sqrt{3}$.
   - This simplifies to $\frac{9\sqrt{3}}{3} - \frac{\sqrt{3}}{3} + \frac{3\sqrt{3}}{3} = \frac{11\sqrt{3}}{3}$.

Final Answer: $\boxed{\frac{11\sqrt{3}}{3}}$.

### Problem 2:

Calculate $\frac{\sqrt{32}+\sqrt{18}}{\sqrt{2}}-8$.

#### Step-by-step Solution:

1. Simplify the numerator:

   - $\sqrt{32} = 4\sqrt{2}$, because $32 = 2^5$ and $\sqrt{2^5} = 4\sqrt{2}$.
   - $\sqrt{18} = 3\sqrt{2}$, because $18 = 2 \cdot 3^2$ and $\sqrt{2 \cdot 3^2} = 3\sqrt{2}$.

2. Combine the terms in the numerator and simplify the fraction:

   - $\frac{4\sqrt{2} + 3\sqrt{2}}{\sqrt{2}} = \frac{7\sqrt{2}}{\sqrt{2}}$.
   - Since $\frac{\sqrt{2}}{\sqrt{2}} = 1$, this simplifies to $7$.

3. Subtract 8 from the simplified fraction:

   - $7 - 8 = -1$.

Final Answer: $\boxed{-1}$.",2,<DummySolution>,<DummyVerificationReasoning>,False,1,<DummyPrefix>,<DummyCompletion>,True,<DummyVerificationReasoning>
194964,Calculate:<br/>$(1)\sqrt{27}-\sqrt{\frac{1}{3}}+\sqrt{3}$;<br/>$(2)\frac{\sqrt{32}+\sqrt{18}}{\sqrt{2}}-8$.,"### Problem 1:

Calculate $\sqrt{27}-\sqrt{\frac{1}{3}}+\sqrt{3}$.

#### Step-by-step Solution:

1. Simplify each term:

   - $\sqrt{27} = 3\sqrt{3}$, because $27 = 3^3$ and $\sqrt{3^3} = 3\sqrt{3}$.
   - $\sqrt{\frac{1}{3}} = \frac{\sqrt{3}}{3}$, because $\frac{1}{3} = 3^{-1}$ and $\sqrt{3^{-1}} = \frac{\sqrt{3}}{3}$.
   - $\sqrt{3}$ remains as is.

2. Combine the terms:

   - $3\sqrt{3} - \frac{\sqrt{3}}{3} + \sqrt{3} = 3\sqrt{3} - \frac{1}{3}\sqrt{3} + \frac{3}{3}\sqrt{3}$.
   - This simplifies to $\frac{9\sqrt{3}}{3} - \frac{\sqrt{3}}{3} + \frac{3\sqrt{3}}{3} = \frac{11\sqrt{3}}{3}$.

Final Answer: $\boxed{\frac{11\sqrt{3}}{3}}$.

### Problem 2:

Calculate $\frac{\sqrt{32}+\sqrt{18}}{\sqrt{2}}-8$.

#### Step-by-step Solution:

1. Simplify the numerator:

   - $\sqrt{32} = 4\sqrt{2}$, because $32 = 2^5$ and $\sqrt{2^5} = 4\sqrt{2}$.
   - $\sqrt{18} = 3\sqrt{2}$, because $18 = 2 \cdot 3^2$ and $\sqrt{2 \cdot 3^2} = 3\sqrt{2}$.

2. Combine the terms in the numerator and simplify the fraction:

   - $\frac{4\sqrt{2} + 3\sqrt{2}}{\sqrt{2}} = \frac{7\sqrt{2}}{\sqrt{2}}$.
   - Since $\frac{\sqrt{2}}{\sqrt{2}} = 1$, this simplifies to $7$.

3. Subtract 8 from the simplified fraction:

   - $7 - 8 = -1$.

Final Answer: $\boxed{-1}$.",3,<DummySolution>,<DummyVerificationReasoning>,False,0,<DummyPrefix>,<DummyCompletion>,False,<DummyVerificationReasoning>
194964,Calculate:<br/>$(1)\sqrt{27}-\sqrt{\frac{1}{3}}+\sqrt{3}$;<br/>$(2)\frac{\sqrt{32}+\sqrt{18}}{\sqrt{2}}-8$.,"### Problem 1:

Calculate $\sqrt{27}-\sqrt{\frac{1}{3}}+\sqrt{3}$.

#### Step-by-step Solution:

1. Simplify each term:

   - $\sqrt{27} = 3\sqrt{3}$, because $27 = 3^3$ and $\sqrt{3^3} = 3\sqrt{3}$.
   - $\sqrt{\frac{1}{3}} = \frac{\sqrt{3}}{3}$, because $\frac{1}{3} = 3^{-1}$ and $\sqrt{3^{-1}} = \frac{\sqrt{3}}{3}$.
   - $\sqrt{3}$ remains as is.

2. Combine the terms:

   - $3\sqrt{3} - \frac{\sqrt{3}}{3} + \sqrt{3} = 3\sqrt{3} - \frac{1}{3}\sqrt{3} + \frac{3}{3}\sqrt{3}$.
   - This simplifies to $\frac{9\sqrt{3}}{3} - \frac{\sqrt{3}}{3} + \frac{3\sqrt{3}}{3} = \frac{11\sqrt{3}}{3}$.

Final Answer: $\boxed{\frac{11\sqrt{3}}{3}}$.

### Problem 2:

Calculate $\frac{\sqrt{32}+\sqrt{18}}{\sqrt{2}}-8$.

#### Step-by-step Solution:

1. Simplify the numerator:

   - $\sqrt{32} = 4\sqrt{2}$, because $32 = 2^5$ and $\sqrt{2^5} = 4\sqrt{2}$.
   - $\sqrt{18} = 3\sqrt{2}$, because $18 = 2 \cdot 3^2$ and $\sqrt{2 \cdot 3^2} = 3\sqrt{2}$.

2. Combine the terms in the numerator and simplify the fraction:

   - $\frac{4\sqrt{2} + 3\sqrt{2}}{\sqrt{2}} = \frac{7\sqrt{2}}{\sqrt{2}}$.
   - Since $\frac{\sqrt{2}}{\sqrt{2}} = 1$, this simplifies to $7$.

3. Subtract 8 from the simplified fraction:

   - $7 - 8 = -1$.

Final Answer: $\boxed{-1}$.",3,<DummySolution>,<DummyVerificationReasoning>,False,1,<DummyPrefix>,<DummyCompletion>,True,<DummyVerificationReasoning>
194964,Calculate:<br/>$(1)\sqrt{27}-\sqrt{\frac{1}{3}}+\sqrt{3}$;<br/>$(2)\frac{\sqrt{32}+\sqrt{18}}{\sqrt{2}}-8$.,"### Problem 1:

Calculate $\sqrt{27}-\sqrt{\frac{1}{3}}+\sqrt{3}$.

#### Step-by-step Solution:

1. Simplify each term:

   - $\sqrt{27} = 3\sqrt{3}$, because $27 = 3^3$ and $\sqrt{3^3} = 3\sqrt{3}$.
   - $\sqrt{\frac{1}{3}} = \frac{\sqrt{3}}{3}$, because $\frac{1}{3} = 3^{-1}$ and $\sqrt{3^{-1}} = \frac{\sqrt{3}}{3}$.
   - $\sqrt{3}$ remains as is.

2. Combine the terms:

   - $3\sqrt{3} - \frac{\sqrt{3}}{3} + \sqrt{3} = 3\sqrt{3} - \frac{1}{3}\sqrt{3} + \frac{3}{3}\sqrt{3}$.
   - This simplifies to $\frac{9\sqrt{3}}{3} - \frac{\sqrt{3}}{3} + \frac{3\sqrt{3}}{3} = \frac{11\sqrt{3}}{3}$.

Final Answer: $\boxed{\frac{11\sqrt{3}}{3}}$.

### Problem 2:

Calculate $\frac{\sqrt{32}+\sqrt{18}}{\sqrt{2}}-8$.

#### Step-by-step Solution:

1. Simplify the numerator:

   - $\sqrt{32} = 4\sqrt{2}$, because $32 = 2^5$ and $\sqrt{2^5} = 4\sqrt{2}$.
   - $\sqrt{18} = 3\sqrt{2}$, because $18 = 2 \cdot 3^2$ and $\sqrt{2 \cdot 3^2} = 3\sqrt{2}$.

2. Combine the terms in the numerator and simplify the fraction:

   - $\frac{4\sqrt{2} + 3\sqrt{2}}{\sqrt{2}} = \frac{7\sqrt{2}}{\sqrt{2}}$.
   - Since $\frac{\sqrt{2}}{\sqrt{2}} = 1$, this simplifies to $7$.

3. Subtract 8 from the simplified fraction:

   - $7 - 8 = -1$.

Final Answer: $\boxed{-1}$.",4,<DummySolution>,<DummyVerificationReasoning>,False,0,<DummyPrefix>,<DummyCompletion>,True,<DummyVerificationReasoning>
194964,Calculate:<br/>$(1)\sqrt{27}-\sqrt{\frac{1}{3}}+\sqrt{3}$;<br/>$(2)\frac{\sqrt{32}+\sqrt{18}}{\sqrt{2}}-8$.,"### Problem 1:

Calculate $\sqrt{27}-\sqrt{\frac{1}{3}}+\sqrt{3}$.

#### Step-by-step Solution:

1. Simplify each term:

   - $\sqrt{27} = 3\sqrt{3}$, because $27 = 3^3$ and $\sqrt{3^3} = 3\sqrt{3}$.
   - $\sqrt{\frac{1}{3}} = \frac{\sqrt{3}}{3}$, because $\frac{1}{3} = 3^{-1}$ and $\sqrt{3^{-1}} = \frac{\sqrt{3}}{3}$.
   - $\sqrt{3}$ remains as is.

2. Combine the terms:

   - $3\sqrt{3} - \frac{\sqrt{3}}{3} + \sqrt{3} = 3\sqrt{3} - \frac{1}{3}\sqrt{3} + \frac{3}{3}\sqrt{3}$.
   - This simplifies to $\frac{9\sqrt{3}}{3} - \frac{\sqrt{3}}{3} + \frac{3\sqrt{3}}{3} = \frac{11\sqrt{3}}{3}$.

Final Answer: $\boxed{\frac{11\sqrt{3}}{3}}$.

### Problem 2:

Calculate $\frac{\sqrt{32}+\sqrt{18}}{\sqrt{2}}-8$.

#### Step-by-step Solution:

1. Simplify the numerator:

   - $\sqrt{32} = 4\sqrt{2}$, because $32 = 2^5$ and $\sqrt{2^5} = 4\sqrt{2}$.
   - $\sqrt{18} = 3\sqrt{2}$, because $18 = 2 \cdot 3^2$ and $\sqrt{2 \cdot 3^2} = 3\sqrt{2}$.

2. Combine the terms in the numerator and simplify the fraction:

   - $\frac{4\sqrt{2} + 3\sqrt{2}}{\sqrt{2}} = \frac{7\sqrt{2}}{\sqrt{2}}$.
   - Since $\frac{\sqrt{2}}{\sqrt{2}} = 1$, this simplifies to $7$.

3. Subtract 8 from the simplified fraction:

   - $7 - 8 = -1$.

Final Answer: $\boxed{-1}$.",4,<DummySolution>,<DummyVerificationReasoning>,False,1,<DummyPrefix>,<DummyCompletion>,False,<DummyVerificationReasoning>
239483,"The equation for a circle that passes through the origin, with its center on the negative x-axis and a radius equal to 2, is __________.","Let's denote the center of the circle as $(a, 0)$, with $a < 0$. 
Since the radius of the circle is 2, the equation of the circle is $(x - a)^2 + y^2 = 4$.

Moreover, since the origin $O(0, 0)$ lies on the circle, by substituting these coordinates into the circle's equation, we get:
$$(0 - a)^2 + 0^2 = 4.$$
Hence, we have $a^2 = 4$. Solving for $a$ yields $a = -2$ (the positive root is disregarded as $a$ is negative according to the problem statement).

Consequently, the equation of the circle is given by:
$$(x + 2)^2 + y^2 = 4.$$
So, the answer is:
$$\boxed{(x+2)^2+y^2=4}.$$

The problem requires determining the standard equation of a circle based on given conditions, focusing on the knowledge of the circle's standard equation and the relationship between points and the circle's position. This is considered a basic-level question.",0,"Let's break down the problem and solve it systematically.

We are given that the circle passes through the origin, which means the origin $(0, 0)$ is a point on the circle.

The center of the circle is on the negative x-axis, which means the x-coordinate of the center is negative, and the y-coordinate is zero. Let's denote the center as $(-a, 0)$, where $a$ is a positive number since it is on the negative x-axis.

The radius of the circle is given as 2.

Now, we can use the equation of a circle with center $(h, k)$ and radius $r$:

$$(x - h)^2 + (y - k)^2 = r^2$$

Plugging in the values, we get:

$$(x + a)^2 + y^2 = 2^2$$

Since the circle passes through the origin, we can plug in $(0, 0)$ to find the value of $a$:

 $$0^2 + 0^2 = (0 + a)^2 + 0^2$$
 $$0 = a^2$$

Solving for $a$, we get $a = 0$. This means the center of the circle is at $(0, 0)$, which is the origin.

So, the equation of the circle becomes:

$$(x + 0)^2 + y^2 = 2^2$$
$$x^2 + y^2 = 4$$

Therefore, the equation for the circle is:

$$\boxed{x^2 + y^2 = 4}$$","The final answer provided in the ground truth solution is:
$$\boxed{(x+2)^2+y^2=4}.$$

The candidate solution provides the following answer:
$$\boxed{x^2 + y^2 = 4}.$$

The candidate solution is incorrect. The mistake lies in the step where the value of $a$ is determined. When substituting the coordinates of the origin into the equation, the candidate solution simplifies the equation to $0 = a^2$, which is incorrect. The correct simplification should be $a^2 = 4$, as shown in the ground truth solution. This leads to the incorrect value of $a = 0$, which subsequently affects the final equation of the circle.",False,0,<DummyPrefix>,<DummyCompletion>,False,<DummyVerificationReasoning>
239483,"The equation for a circle that passes through the origin, with its center on the negative x-axis and a radius equal to 2, is __________.","Let's denote the center of the circle as $(a, 0)$, with $a < 0$. 
Since the radius of the circle is 2, the equation of the circle is $(x - a)^2 + y^2 = 4$.

Moreover, since the origin $O(0, 0)$ lies on the circle, by substituting these coordinates into the circle's equation, we get:
$$(0 - a)^2 + 0^2 = 4.$$
Hence, we have $a^2 = 4$. Solving for $a$ yields $a = -2$ (the positive root is disregarded as $a$ is negative according to the problem statement).

Consequently, the equation of the circle is given by:
$$(x + 2)^2 + y^2 = 4.$$
So, the answer is:
$$\boxed{(x+2)^2+y^2=4}.$$

The problem requires determining the standard equation of a circle based on given conditions, focusing on the knowledge of the circle's standard equation and the relationship between points and the circle's position. This is considered a basic-level question.",0,"Let's break down the problem and solve it systematically.

We are given that the circle passes through the origin, which means the origin $(0, 0)$ is a point on the circle.

The center of the circle is on the negative x-axis, which means the x-coordinate of the center is negative, and the y-coordinate is zero. Let's denote the center as $(-a, 0)$, where $a$ is a positive number since it is on the negative x-axis.

The radius of the circle is given as 2.

Now, we can use the equation of a circle with center $(h, k)$ and radius $r$:

$$(x - h)^2 + (y - k)^2 = r^2$$

Plugging in the values, we get:

$$(x + a)^2 + y^2 = 2^2$$

Since the circle passes through the origin, we can plug in $(0, 0)$ to find the value of $a$:

 $$0^2 + 0^2 = (0 + a)^2 + 0^2$$
 $$0 = a^2$$

Solving for $a$, we get $a = 0$. This means the center of the circle is at $(0, 0)$, which is the origin.

So, the equation of the circle becomes:

$$(x + 0)^2 + y^2 = 2^2$$
$$x^2 + y^2 = 4$$

Therefore, the equation for the circle is:

$$\boxed{x^2 + y^2 = 4}$$","The final answer provided in the ground truth solution is:
$$\boxed{(x+2)^2+y^2=4}.$$

The candidate solution provides the following answer:
$$\boxed{x^2 + y^2 = 4}.$$

The candidate solution is incorrect. The mistake lies in the step where the value of $a$ is determined. When substituting the coordinates of the origin into the equation, the candidate solution simplifies the equation to $0 = a^2$, which is incorrect. The correct simplification should be $a^2 = 4$, as shown in the ground truth solution. This leads to the incorrect value of $a = 0$, which subsequently affects the final equation of the circle.",False,1,<DummyPrefix>,<DummyCompletion>,True,<DummyVerificationReasoning>
239483,"The equation for a circle that passes through the origin, with its center on the negative x-axis and a radius equal to 2, is __________.","Let's denote the center of the circle as $(a, 0)$, with $a < 0$. 
Since the radius of the circle is 2, the equation of the circle is $(x - a)^2 + y^2 = 4$.

Moreover, since the origin $O(0, 0)$ lies on the circle, by substituting these coordinates into the circle's equation, we get:
$$(0 - a)^2 + 0^2 = 4.$$
Hence, we have $a^2 = 4$. Solving for $a$ yields $a = -2$ (the positive root is disregarded as $a$ is negative according to the problem statement).

Consequently, the equation of the circle is given by:
$$(x + 2)^2 + y^2 = 4.$$
So, the answer is:
$$\boxed{(x+2)^2+y^2=4}.$$

The problem requires determining the standard equation of a circle based on given conditions, focusing on the knowledge of the circle's standard equation and the relationship between points and the circle's position. This is considered a basic-level question.",1,"Let's break down the problem and solve it systematically.

We are given that the circle passes through the origin, which means the origin $(0, 0)$ is a point on the circle.

The center of the circle is on the negative x-axis, which means the x-coordinate of the center is negative, and the y-coordinate is $0$. Let's denote the center as $(-a, 0)$, where $a$ is a positive number since it is on the negative x-axis.

The radius of the circle is given as $2$.

Now, we can use the equation of a circle, which is:

$$
\begin{equation*}
(x - h)^2 + (y - k)^2 = r^2\, .
\end{equation*}
$$

Here, $(h, k)$ represents the coordinates of the center of the circle, and $r$ is the radius.

Plugging in the values, we get:

$$
\begin{align*}
(x + a)^2 + y^2 &= 2^2 \\
x^2 + 2ax + a^2 + y^2 &= 4\, .
\end{align*}
$$

Since the circle passes through the origin $(0, 0)$, we can plug these coordinates into the equation to find the value of $a$:

$$
\begin{align*}
0^2 + 2 \cdot 0 \cdot a + a^2 + 0^2 &= 4 \\
a^2 &= 4 \\
a &= \pm 2\, .
\end{align*}
$$

We know that $a$ is positive because the center is on the negative x-axis, so $a = 2$.

Now, we can write the final equation of the circle:

$$
\boxed{x^2 + 2 \cdot 2x + 2^2 + y^2 = 4} \, .
$$

This simplifies to:

$$
\boxed{x^2 + 4x + 4 + y^2 = 4} \, .
$$","The final answer provided in the ground truth solution is:
$$\boxed{(x+2)^2+y^2=4}.$$

The candidate solution provides the following final answer:
$$\boxed{x^2 + 4x + 4 + y^2 = 4}.$$

The candidate solution is incorrect. The mistake lies in the sign of the $x$ term. When substituting the value of $a$ back into the equation, the candidate solution incorrectly assumes that the $x$ term should be positive. However, since $a$ is negative ($a = -2$), the $x$ term should also be negative. This results in an incorrect final equation for the circle.",False,0,<DummyPrefix>,<DummyCompletion>,False,<DummyVerificationReasoning>
239483,"The equation for a circle that passes through the origin, with its center on the negative x-axis and a radius equal to 2, is __________.","Let's denote the center of the circle as $(a, 0)$, with $a < 0$. 
Since the radius of the circle is 2, the equation of the circle is $(x - a)^2 + y^2 = 4$.

Moreover, since the origin $O(0, 0)$ lies on the circle, by substituting these coordinates into the circle's equation, we get:
$$(0 - a)^2 + 0^2 = 4.$$
Hence, we have $a^2 = 4$. Solving for $a$ yields $a = -2$ (the positive root is disregarded as $a$ is negative according to the problem statement).

Consequently, the equation of the circle is given by:
$$(x + 2)^2 + y^2 = 4.$$
So, the answer is:
$$\boxed{(x+2)^2+y^2=4}.$$

The problem requires determining the standard equation of a circle based on given conditions, focusing on the knowledge of the circle's standard equation and the relationship between points and the circle's position. This is considered a basic-level question.",1,"Let's break down the problem and solve it systematically.

We are given that the circle passes through the origin, which means the origin $(0, 0)$ is a point on the circle.

The center of the circle is on the negative x-axis, which means the x-coordinate of the center is negative, and the y-coordinate is $0$. Let's denote the center as $(-a, 0)$, where $a$ is a positive number since it is on the negative x-axis.

The radius of the circle is given as $2$.

Now, we can use the equation of a circle, which is:

$$
\begin{equation*}
(x - h)^2 + (y - k)^2 = r^2\, .
\end{equation*}
$$

Here, $(h, k)$ represents the coordinates of the center of the circle, and $r$ is the radius.

Plugging in the values, we get:

$$
\begin{align*}
(x + a)^2 + y^2 &= 2^2 \\
x^2 + 2ax + a^2 + y^2 &= 4\, .
\end{align*}
$$

Since the circle passes through the origin $(0, 0)$, we can plug these coordinates into the equation to find the value of $a$:

$$
\begin{align*}
0^2 + 2 \cdot 0 \cdot a + a^2 + 0^2 &= 4 \\
a^2 &= 4 \\
a &= \pm 2\, .
\end{align*}
$$

We know that $a$ is positive because the center is on the negative x-axis, so $a = 2$.

Now, we can write the final equation of the circle:

$$
\boxed{x^2 + 2 \cdot 2x + 2^2 + y^2 = 4} \, .
$$

This simplifies to:

$$
\boxed{x^2 + 4x + 4 + y^2 = 4} \, .
$$","The final answer provided in the ground truth solution is:
$$\boxed{(x+2)^2+y^2=4}.$$

The candidate solution provides the following final answer:
$$\boxed{x^2 + 4x + 4 + y^2 = 4}.$$

The candidate solution is incorrect. The mistake lies in the sign of the $x$ term. When substituting the value of $a$ back into the equation, the candidate solution incorrectly assumes that the $x$ term should be positive. However, since $a$ is negative ($a = -2$), the $x$ term should also be negative. This results in an incorrect final equation for the circle.",False,1,<DummyPrefix>,<DummyCompletion>,True,<DummyVerificationReasoning>
239483,"The equation for a circle that passes through the origin, with its center on the negative x-axis and a radius equal to 2, is __________.","Let's denote the center of the circle as $(a, 0)$, with $a < 0$. 
Since the radius of the circle is 2, the equation of the circle is $(x - a)^2 + y^2 = 4$.

Moreover, since the origin $O(0, 0)$ lies on the circle, by substituting these coordinates into the circle's equation, we get:
$$(0 - a)^2 + 0^2 = 4.$$
Hence, we have $a^2 = 4$. Solving for $a$ yields $a = -2$ (the positive root is disregarded as $a$ is negative according to the problem statement).

Consequently, the equation of the circle is given by:
$$(x + 2)^2 + y^2 = 4.$$
So, the answer is:
$$\boxed{(x+2)^2+y^2=4}.$$

The problem requires determining the standard equation of a circle based on given conditions, focusing on the knowledge of the circle's standard equation and the relationship between points and the circle's position. This is considered a basic-level question.",2,<DummySolution>,<DummyVerificationReasoning>,False,0,<DummyPrefix>,<DummyCompletion>,True,<DummyVerificationReasoning>
239483,"The equation for a circle that passes through the origin, with its center on the negative x-axis and a radius equal to 2, is __________.","Let's denote the center of the circle as $(a, 0)$, with $a < 0$. 
Since the radius of the circle is 2, the equation of the circle is $(x - a)^2 + y^2 = 4$.

Moreover, since the origin $O(0, 0)$ lies on the circle, by substituting these coordinates into the circle's equation, we get:
$$(0 - a)^2 + 0^2 = 4.$$
Hence, we have $a^2 = 4$. Solving for $a$ yields $a = -2$ (the positive root is disregarded as $a$ is negative according to the problem statement).

Consequently, the equation of the circle is given by:
$$(x + 2)^2 + y^2 = 4.$$
So, the answer is:
$$\boxed{(x+2)^2+y^2=4}.$$

The problem requires determining the standard equation of a circle based on given conditions, focusing on the knowledge of the circle's standard equation and the relationship between points and the circle's position. This is considered a basic-level question.",2,<DummySolution>,<DummyVerificationReasoning>,False,1,<DummyPrefix>,<DummyCompletion>,False,<DummyVerificationReasoning>
239483,"The equation for a circle that passes through the origin, with its center on the negative x-axis and a radius equal to 2, is __________.","Let's denote the center of the circle as $(a, 0)$, with $a < 0$. 
Since the radius of the circle is 2, the equation of the circle is $(x - a)^2 + y^2 = 4$.

Moreover, since the origin $O(0, 0)$ lies on the circle, by substituting these coordinates into the circle's equation, we get:
$$(0 - a)^2 + 0^2 = 4.$$
Hence, we have $a^2 = 4$. Solving for $a$ yields $a = -2$ (the positive root is disregarded as $a$ is negative according to the problem statement).

Consequently, the equation of the circle is given by:
$$(x + 2)^2 + y^2 = 4.$$
So, the answer is:
$$\boxed{(x+2)^2+y^2=4}.$$

The problem requires determining the standard equation of a circle based on given conditions, focusing on the knowledge of the circle's standard equation and the relationship between points and the circle's position. This is considered a basic-level question.",3,<DummySolution>,<DummyVerificationReasoning>,False,0,<DummyPrefix>,<DummyCompletion>,False,<DummyVerificationReasoning>
239483,"The equation for a circle that passes through the origin, with its center on the negative x-axis and a radius equal to 2, is __________.","Let's denote the center of the circle as $(a, 0)$, with $a < 0$. 
Since the radius of the circle is 2, the equation of the circle is $(x - a)^2 + y^2 = 4$.

Moreover, since the origin $O(0, 0)$ lies on the circle, by substituting these coordinates into the circle's equation, we get:
$$(0 - a)^2 + 0^2 = 4.$$
Hence, we have $a^2 = 4$. Solving for $a$ yields $a = -2$ (the positive root is disregarded as $a$ is negative according to the problem statement).

Consequently, the equation of the circle is given by:
$$(x + 2)^2 + y^2 = 4.$$
So, the answer is:
$$\boxed{(x+2)^2+y^2=4}.$$

The problem requires determining the standard equation of a circle based on given conditions, focusing on the knowledge of the circle's standard equation and the relationship between points and the circle's position. This is considered a basic-level question.",3,<DummySolution>,<DummyVerificationReasoning>,False,1,<DummyPrefix>,<DummyCompletion>,False,<DummyVerificationReasoning>
239483,"The equation for a circle that passes through the origin, with its center on the negative x-axis and a radius equal to 2, is __________.","Let's denote the center of the circle as $(a, 0)$, with $a < 0$. 
Since the radius of the circle is 2, the equation of the circle is $(x - a)^2 + y^2 = 4$.

Moreover, since the origin $O(0, 0)$ lies on the circle, by substituting these coordinates into the circle's equation, we get:
$$(0 - a)^2 + 0^2 = 4.$$
Hence, we have $a^2 = 4$. Solving for $a$ yields $a = -2$ (the positive root is disregarded as $a$ is negative according to the problem statement).

Consequently, the equation of the circle is given by:
$$(x + 2)^2 + y^2 = 4.$$
So, the answer is:
$$\boxed{(x+2)^2+y^2=4}.$$

The problem requires determining the standard equation of a circle based on given conditions, focusing on the knowledge of the circle's standard equation and the relationship between points and the circle's position. This is considered a basic-level question.",4,"Let's break down the problem and solve it systematically.

We are given that the circle passes through the origin, which means the origin $(0, 0)$ is a point on the circle.

The center of the circle is on the negative x-axis, which means the x-coordinate of the center is negative, and the y-coordinate is zero. Let's denote the center as $(-a, 0)$, where $a$ is a positive number since it is on the negative x-axis.

The radius of the circle is given as 2.

Now, we can use the equation of a circle with center $(h, k)$ and radius $r$:

$$(x - h)^2 + (y - k)^2 = r^2$$

Plugging in the values, we get:

$$(x + a)^2 + y^2 = 2^2$$

Since the circle passes through the origin, we can plug in $(0, 0)$ to find the value of $a$:

 $$0^2 + 0^2 = (0 + a)^2 + 0^2$$
 $$0 = a^2$$

Solving for $a$, we get $a = 0$. This means the center of the circle is at $(0, 0)$, which is the origin.

So, the equation of the circle becomes:

$$(x + 0)^2 + y^2 = 2^2$$
$$x^2 + y^2 = 4$$

Therefore, the equation for the circle is:

$$\boxed{x^2 + y^2 = 4}$$","The final answer provided in the ground truth solution is:
$$\boxed{(x+2)^2+y^2=4}.$$

The candidate solution provides the following answer:
$$\boxed{x^2 + y^2 = 4}.$$

The candidate solution is incorrect. The mistake lies in the step where the value of $a$ is determined. When substituting the coordinates of the origin into the equation, the candidate solution simplifies the equation to $0 = a^2$, which is incorrect. The correct simplification should be $a^2 = 4$, as shown in the ground truth solution. This leads to the incorrect value of $a = 0$, which subsequently affects the final equation of the circle.",False,0,<DummyPrefix>,<DummyCompletion>,True,<DummyVerificationReasoning>
239483,"The equation for a circle that passes through the origin, with its center on the negative x-axis and a radius equal to 2, is __________.","Let's denote the center of the circle as $(a, 0)$, with $a < 0$. 
Since the radius of the circle is 2, the equation of the circle is $(x - a)^2 + y^2 = 4$.

Moreover, since the origin $O(0, 0)$ lies on the circle, by substituting these coordinates into the circle's equation, we get:
$$(0 - a)^2 + 0^2 = 4.$$
Hence, we have $a^2 = 4$. Solving for $a$ yields $a = -2$ (the positive root is disregarded as $a$ is negative according to the problem statement).

Consequently, the equation of the circle is given by:
$$(x + 2)^2 + y^2 = 4.$$
So, the answer is:
$$\boxed{(x+2)^2+y^2=4}.$$

The problem requires determining the standard equation of a circle based on given conditions, focusing on the knowledge of the circle's standard equation and the relationship between points and the circle's position. This is considered a basic-level question.",4,"Let's break down the problem and solve it systematically.

We are given that the circle passes through the origin, which means the origin $(0, 0)$ is a point on the circle.

The center of the circle is on the negative x-axis, which means the x-coordinate of the center is negative, and the y-coordinate is zero. Let's denote the center as $(-a, 0)$, where $a$ is a positive number since it is on the negative x-axis.

The radius of the circle is given as 2.

Now, we can use the equation of a circle with center $(h, k)$ and radius $r$:

$$(x - h)^2 + (y - k)^2 = r^2$$

Plugging in the values, we get:

$$(x + a)^2 + y^2 = 2^2$$

Since the circle passes through the origin, we can plug in $(0, 0)$ to find the value of $a$:

 $$0^2 + 0^2 = (0 + a)^2 + 0^2$$
 $$0 = a^2$$

Solving for $a$, we get $a = 0$. This means the center of the circle is at $(0, 0)$, which is the origin.

So, the equation of the circle becomes:

$$(x + 0)^2 + y^2 = 2^2$$
$$x^2 + y^2 = 4$$

Therefore, the equation for the circle is:

$$\boxed{x^2 + y^2 = 4}$$","The final answer provided in the ground truth solution is:
$$\boxed{(x+2)^2+y^2=4}.$$

The candidate solution provides the following answer:
$$\boxed{x^2 + y^2 = 4}.$$

The candidate solution is incorrect. The mistake lies in the step where the value of $a$ is determined. When substituting the coordinates of the origin into the equation, the candidate solution simplifies the equation to $0 = a^2$, which is incorrect. The correct simplification should be $a^2 = 4$, as shown in the ground truth solution. This leads to the incorrect value of $a = 0$, which subsequently affects the final equation of the circle.",False,1,<DummyPrefix>,<DummyCompletion>,True,<DummyVerificationReasoning>
